item_id,developer,anios
70,Valve,1998
2400,Outerlight Ltd.,2006
3800,GlyphX Games,2005
1520,Introversion Software,2006
2420,Outerlight Ltd.,2006
4000,Facepunch Studios,2006
2990,Bugbear Entertainment,2006
6220,Bugbear Entertainment,2005
6310,Funcom,2000
7600,"Firaxis Games,Feral Interactive (Mac)",2006
8000,"Crystal Dynamics,Feral Interactive (Mac)",2007
6550,"CAPCOM Co., Ltd.",2006
2570,Freegamer,2007
2280,id Software,1995
9160,id Software,1995
2300,id Software,1994
2270,id Software,1994
9010,Gray Matter Studios,2001
2310,id Software,2007
7670,"2K Boston,2K Australia",2007
4570,Relic Entertainment,2006
4580,Relic Entertainment,2006
4760,The Creative Assembly,2004
12130,Rockstar North,2004
12150,Remedy Entertainment,2003
7000,Crystal Dynamics,2006
12140,Remedy Entertainment,2001
17480,EA Los Angeles,2008
12500,Infinite Interactive,2007
9730,Desconocido,2006
2700,"Frontier,Aspyr (Mac)",2006
13250,"Epic Games, Inc.",1998
13560,Ubisoft,2003
13520,Crytek Studios,2004
15200,Ubisoft Romania,2007
15320,1C: Maddox Games,2006
8310,Telltale Games,2005
12590,BigAnt Studios,2008
19500,"Luc Bernard,SilverSphereStudios",2008
11260,Lesta Studio,2007
12360,Bugbear Entertainment,2008
15710,Oddworld Inhabitants,1998
15700,Oddworld Inhabitants,1997
7770,"MicroProse Software, Inc",2001
7660,"MicroProse Software, Inc",1997
7760,"MicroProse Software, Inc",1993
20510,GSC Game World,2008
17330,Crytek,2008
17300,Crytek,2007
7730,"MicroProse Software, Inc",1998
20900,CD PROJEKT RED,2008
16810,Firaxis Games,2008
19830,"Red Storm Entertainment,Ubisoft Montreal",2003
21000,Traveller's Tales,2008
15390,Gearbox Software,2008
3050,Techland,2006
22000,2D BOY,2008
2820,Egosoft,2008
12200,Rockstar New England,2008
19900,Ubisoft Montreal,2008
11240,Meridian4,2008
9480,Volition,2009
17470,EA Redwood Shores,2008
17410,DICE,2009
18500,Hidden Path Entertainment,2008
16450,Monolith,2009
11340,Meridian4,2009
25830,Black Sea Studios Ltd,2005
22180,Frictional Games,2007
13210,"Epic Games, Inc.",2007
27020,Tale of Tales,2008
24740,Criterion Games,2009
11330,IonFX,2009
1930,Reality Pump Studios,2009
7510,Gaijin Entertainment,2009
22200,ACE Team,2009
25900,1C Company,2008
7840,Sky Fallen,2009
8880,Irrational Games,2002
1280,Darklight Games,2009
10150,Radical Entertainment,2009
12470,Ascaron Entertainment ltd.,2004
22330,Bethesda Game Studios,2007
22320,Bethesda Game Studios,2002
31860,HeR Interactive,2007
31930,HeR Interactive,2007
21660,Capcom,2009
6060,Pandemic Studios,2005
32360,LucasArts,2009
10140,Wanako Games,2006
10130,Saber Interactive,2007
33520,"PopTop Software,BreakAway Games,Frog City Software",2009
36000,Sakari Indie,2009
32370,"BioWare,Aspyr (Mac)",2003
29180,Hemisphere Games,2009
38410,Black Isle Studios,1998
38420,14° East,2001
38440,Shiny Entertainment,2000
37400,Size Five Games,2009
13570,Ubisoft Montreal,2005
11390,Desconocido,2009
37600,"Vectorpark, Inc.",2009
32770,NovaLogic,2009
40700,Amanita Design,2009
24840,EA Los Angeles,2007
24870,Slightly Mad Studios,2009
41500,Runic Games,2009
24800,EA Los Angeles,2009
40330,Animation Arts,2009
41100,Konstantin Koshutin,2009
41000,Croteam,2009
17450,BioWare,2009
10180,"Infinity Ward,Aspyr (Mac)",2009
32440,"Traveller's Tales,Feral Interactive (Mac)",2009
11450,"Triumph Studios,Virtual Programming",2007
24790,EA Los Angeles,2007
24810,EA Los Angeles,2009
41800,Positech Games,2009
45300,Gaijin Entertainment,2009
35420,Defence Alliance Team,2009
32430,"LucasArts,Aspyr Studios",2009
22370,Bethesda Game Studios,2009
38210,Spidermonk Entertainment,2009
45700,Capcom,2008
17570,Octoshark Studios,2010
41050,Croteam,2001
48700,TaleWorlds Entertainment,2010
42120,Fatshark,2010
12220,Rockstar North / Toronto,2010
45730,Other Ocean Interactive,2010
45400,Nemesys Games,2010
49600,Cold Beam Games,2010
43500,Realmforge Studios,2010
40930,The Odd Gentlemen,2010
49800,Muse Games,2010
34010,Obsidian Entertainment,2010
22610,Team17 Software Ltd.,2010
630,Valve,2010
24780,"EA - Maxis,Aspyr (Mac)",2003
33670,"Akella,.dat",2010
28000,IO Interactive,2010
39680,Rune Forge,2010
63900,Ino-Co,2010
50130,"2K Czech,Feral Interactive (Mac)",2011
50510,doublesix,2010
48800,VStep,2010
22600,Team17 Digital Ltd,2010
46770,Muzzy Lane Software,2010
42960,Paradox Development Studio,2010
4850,GSC Game World,2002
57640,Revolution Software Ltd,2010
62100,Zoë Mode,2010
70300,Terry Cavanagh,2010
57300,Frictional Games,2010
70400,EasyGameStation,2010
70100,exosyphen studios,2010
38600,Subsoap,2010
8930,"Firaxis Games,Aspyr (Mac, Linux)",2010
41060,Croteam,2002
9940,Krome Studios,2010
22650,Team17 Digital Ltd,2010
50620,Vigil Games,2010
42920,NeoCoreGames,2010
47790,Electronic Arts,2010
45750,"CAPCOM CO., LTD.",2010
22380,Obsidian Entertainment,2010
18040,Hothead Games,2010
6120,Klei Entertainment,2010
35460,Teotl Studios,2010
32500,Aspyr Studios,2010
62000,Firemint,2010
63700,Gaijin Games,2010
33980,Centauri Production,2010
33950,Altar Games,2007
42700,Treyarch,2010
15750,Oddworld Inhabitants,2010
31290,Telltale Games,2010
12100,Rockstar Games,2002
12120,Rockstar Games,2005
12110,Rockstar Games,2003
92300,Extend Studio,2011
80000,BlueGiant Interactive,2011
47780,Visceral Games,2011
63200,Uber Entertainment,2011
71165,SEGA,2011
47890,The Sims Studio,2009
42000,Trinoteam,2011
7520,Reality Pump Studios,2011
63710,Gaijin Games,2011
55100,"Kaos Studios,Digital Extremes",2011
39120,Trion Worlds,2013
94000,Stout Games,2011
92700,Black Lion Studios,2011
91200,11 bit studios,2011
73170,Martin Ivanov,2011
70000,800 North and Digital Ranch,2011
620,Valve,2011
91600,Coffee Stain Studios,2011
73020,1C:InoCo,2011
98200,Mode 7,2011
22450,inXile Entertainment,2011
42140,Fatshark,2011
39160,Obsidian Entertainment,2011
57900,Gearbox Software,2011
102700,Red Duck Inc.,2011
9880,Cryptic Studios,2009
99900,Grey Havens,2011
49470,Stainless Games Ltd,2011
97000,Murudai,2011
21100,Day 1 Studios,2011
99100,Bedlam Games,2011
94590,Telltale Games,2011
105700,Secret Base,2011
72750,Obsidian Entertainment,2011
61100,YeaBoing,2011
65790,Bohemia Interactive,2011
57690,Haemimont Games,2011
38740,Two Tribes,2011
107200,MinMax Games Ltd.,2011
99910,Three Rings,2011
55150,Relic,2011
63940,1C Company,2011
98400,Flying Wild Hog,2012
22230,ACE Team,2011
35450,Tripwire Interactive,2011
33420,Desconocido,2011
73210,Paradox Development Studio,2011
111400,NGD Studios,2011
48220,Blackhole,2011
9420,Gas Powered Games,2011
113200,Edmund McMillen and Florian Himsl,2011
200230,1C-Avalon,2011
9350,Gas Powered Games,2007
45770,Capcom Vancouver,2011
115100,Double Fine Productions,2011
201480,"Vlambeer,Croteam",2011
200910,Iridium Studios,2011
24200,Daybreak Game Company,2011
55370,Volition,2011
71340,Devil's Details,2011
110800,"Team Bondi,Rockstar Leeds",2011
61310,Cipher Prime Studios,2011
46350,Unicorn Games Studio,2010
202200,Stardock Entertainment,2011
113400,Reloaded Productions,2011
201510,Team 6 Studios,2011
23530,"Vicious Cycle Software, Inc.",2011
201310,Egosoft,2011
35720,Frozenbyte,2013
204030,Lionhead Studios,2011
204340,Croteam,2005
9900,Cryptic Studios,2010
57740,"Coreplay GmbH,Bigmoon Studios",2012
105800,Q-Games Ltd.,2012
203210,Puppygames,2012
203770,Paradox Development Studio,2012
108710,Remedy Entertainment,2012
10220,Trashmasters,2011
200210,Wild Shadow Studios,2012
55381,Volition,2012
207490,"UBIart Montpellier,Feral Interactive (Mac)",2012
206521,Grey Havens,2012
108500,Strange Loop Games,2012
206690,Cobra Mobile,2012
115110,Double Fine Productions,2012
207420,Tribute Games Inc.,2012
207790,Trickstar Games,2012
207250,3 Sprockets,2012
204180,Eden Industries,2012
102850,Trapdoor Inc.,2012
206610,Reality Pump,2012
202310,BUGBEAR,2012
207430,David Williamson,2012
40390,Piranha Bytes,2012
203750,Devil's Details,2012
209370,Love Conquers All Games,2012
98300,Signal Studios,2012
209100,Slant Six Games,2012
108200,Days of Wonder,2012
207350,Nihon Falcom,2012
204100,Rockstar Studios,2012
212500,"Standing Stone Games, LLC",2012
209790,Cipher Prime Studios,2012
207080,BlinkWorks Media,2012
42170,Fatshark,2012
213330,TT Games,2012
212160,Nexon,2012
203830,Daedalic Entertainment,2012
206480,"Standing Stone Games, LLC",2012
212630,"Ubisoft Paris,Red Storm Entertainment",2012
200010,Airtight Games,2012
17080,Hi-Rez Studios,2012
205550,Sakari Indie &amp; GriN,2012
1840,Valve,2012
207650,Misfits Attic,2012
207400,Tennen-sozai,2012
209270,Robot Entertainment,2012
202181,United Front Games,2012
212010,Fishlabs Entertainment GmbH,2012
730,Valve,2012
208580,"Obsidian Entertainment,Aspyr (Mac, Linux, &amp; Windows Update)",2005
72000,Eyebrow Interactive,2012
200260,"Rocksteady Studios,Feral Interactive (Mac)",2012
206440,Freebird Games,2011
214970,Aleksey Abramenko,2012
61730,Capybara Games,2012
205950,Blit Software,2012
205650,Frogwares,2012
65740,Bohemia Interactive,2012
209670,Data Realms,2012
205060,Gaijin Games,2012
215510,Ratloop Asia,2012
208200,id Software,2012
205190,Ubisoft - San Francisco,2012
219910,Daedalic Entertainment,2012
218090,2x2 Games,2012
215470,Lukewarm Media,2012
219150,Dennaton Games,2012
215120,Gravity Interactive,2012
209080,Muse Games,2012
223470,Running With Scissors,2003
220740,Daedalic Entertainment,2012
222140,Neko Entertainment,2012
202970,Treyarch,2012
223510,IonFx,2012
212200,NEXON Korea Corp.,2012
224900,Reality Pump,2012
225640,Ascaron,2012
211280,DnS Development,2013
215710,Subatomic Studios LLC,2013
209540,Born Ready Games Ltd.,2013
221810,Double Fine Productions,2013
228400,NAMCO,2013
220440,Ninja Theory,2013
231140,Focus Home Interactive,2013
224820,Megadev,2013
226740,"Radial Games Corp,Dejobaan Games, LLC",2013
222660,24 Caret Games,2013
220160,"Redlynx Ltd,Ubisoft  Shanghaï",2013
232770,Running With Scissors,1997
221040,Capcom,2013
233470,Shiro Games,2013
233550,"Eric Chahi,DotEmu",2013
227220,Artifice Studio,2013
228440,3 Sprockets,2013
227080,Minority Media Inc.,2013
233720,Bossa Studios,2013
227480,Old School Games,2013
232050,Snowbird Games,2013
232750,Spiders,2013
234710,Telltale Games,2013
220660,Zero Sum Games,2013
235780,Adam Foster,2013
210770,Coffee Stain Studios,2013
222730,Abbey Games,2013
235070,Point Five Projects,2013
222480,Capcom,2013
228300,DONTNOD Entertainment,2013
208812,"Crystal Dynamics,Feral Interactive (Mac),Feral Interactive (Linux)",2013
236790,Actalogic,2013
235360,Nival,2013
231740,Behold Studios,2013
218550,"Gearbox Software,Aspyr (Mac &amp; Linux)",2013
231430,"Relic Entertainment,Feral Interactive (Mac),Feral Interactive (Linux)",2013
237110,"NetherRealm Studios,High Voltage Software",2013
239800,Ian Campbell,2013
207620,Desconocido,2013
239660,Dragonfly,2013
225360,Realmforge Studios,2013
243360,Nadeo,2013
225160,General Arcade,1997
39140,Square Enix,2013
235580,"Firaxis Games,Aspyr (Mac, Linux)",2013
201420,Two Tribes,2013
205080,Gaijin Games,2013
237590,Old School Games,2013
233370,KING Art,2013
241320,Ludosity,2013
234650,Harebrained Schemes,2013
241410,Zen Studios,2013
228960,17-BIT,2013
214930,"Irrational Games,Aspyr (Mac),Virtual Programming (Linux)",2013
234080,MercurySteam - Climax Studios,2013
217140,Interceptor Entertainment,2013
210870,Pwnee Studios,2013
223770,Eagle Dynamics SA,2012
243950,Larian Studios,2013
242590,Desconocido,2013
231040,Threaks,2013
237630,WayForward,2013
233840,Team17 Digital Ltd,2013
244230,Gaijin Entertainment,2013
242570,Full Control Studios,2013
244870,Michael Todd Games,2013
226720,Spark Unlimited,2013
243780,"Double Eleven,Q-Games Ltd.",2013
250110,Witch Beam,2015
244710,Might and Delight,2013
246640,FullPowerSideAttack.com,2013
203290,U.S. Army,2015
239820,Greenheart Games,2013
111900,Zombie Studios,2013
249630,Priority Interrupt,2013
238320,Red Barrels,2013
231310,Santa Ragione,2013
227600,"SEGA Studios Australia,Feral Interactive (Mac)",2013
226960,Zachtronics,2013
244810,"Mediatonic,The Irregular Corporation",2013
227310,SCS Software,2013
248350,North of Earth,2012
237740,FreakZone Games,2013
249680,Zootfly,2013
247120,Desconocido,2013
243450,Tate Multimedia,2013
236450,"Mine Loader Software Co., Ltd.",2013
249870,5th Cell Media,2013
217920,CI Games,2013
246255,"Mine Loader Software Co., Ltd.",2013
251370,MagicalTimeBean,2012
220260,Giants Software,2013
244930,Poppermost Productions,2013
221910,Galactic Cafe,2013
247140,Studio Bean,2013
250320,Telltale Games,2013
248710,Desconocido,2013
251310,Nocturnal works,2013
250460,ClockStone,2013
242820,Carlsen Games,2013
245390,Cyberdreams,1996
250500,sparsevector,2013
238010,"Eidos Montreal,Feral Interactive (Mac)",2013
238430,"Monochrome, Inc",2013
252330,Blue Isle Studios,2013
247298,Deep Silver Volition,2013
251850,Wales Interactive,2013
259170,"Eden Games,Hydravision Entertainment",2008
246580,Modern Dream,2013
247660,Rising Star Games,2013
241540,Undead Labs,2013
219830,Transhuman Design,2013
260060,"Jackbox Games, Inc.",1998
226620,QCF Design,2013
256050,b-Alive,2013
248820,"Hopoo Games, LLC",2013
251990,Hanako Games,2013
108600,The Indie Stone,2013
243280,Arkedo,2013
225340,"Firaxis Games,Feral Interactive (Mac),Feral Interactive (Linux)",2013
252770,Desconocido,2013
257750,2Play,2013
260510,Desconocido,2013
248630,Flyleap Studios Pty. Ltd.,2013
242050,Ubisoft Montreal,2013
252070,8888888 LABS,2013
258950,PolyPusher Studios,2013
253370,Axis Game Factory LLC,2013
261700,Xtal Sword,2013
263100,Space Budgie,2013
252370,Desconocido,2013
253770,TML Studios,2012
259600,Storybird,2013
252250,Simon Roth,2013
262940,Revolution Software Ltd,2014
253110,Harvester Games,2012
259530,D-Pad Studio,2013
259060,Illwinter Game Design,2013
109600,Cryptic Studios,2013
248170,Clickteam,2013
235400,Nival,2013
246840,WildTangent,2005
257120,2DArray,2013
259680,Netcore Games,2012
267600,United Independent Entertainment GmbH,2013
267610,United Independent Entertainment GmbH,2013
267381,OVERKILL - a Starbreeze Studio.,2013
264240,Interdimensional Games Inc,2014
94400,Messhof,2014
260210,Ubisoft Sofia,2014
261820,Alan Edwardes,2014
222880,New World Interactive,2014
263560,Ultra Runaway Games,2013
269210,"Elias Viglione,Jussi Kukkonen",2014
262790,Avidly Wild Games,2014
249570,Jason Rohrer,2014
263320,Mighty Rabbit Studios,2014
267130,Oxide Games,2014
272060,Senscape,2014
275590,OVERKILL - a Starbreeze Studio.,2014
224480,Young Horses,2014
237890,Idea Factory,2014
269570,GTGD,2014
263300,Arc System Works,2014
265690,Limasse Five,2014
250600,Krillbite Studio,2013
250180,"SNK CORPORATION,DotEmu",2014
242920,Shining Rock Software LLC,2014
265890,Matthew Brown,2014
271900,Matthew Brown,2014
258760,SCS Software,2012
269030,"Damian Sommer,Emily Carroll",2013
265610,Matt Roszak,2014
279160,Last Dimension,2014
277590,Ubisoft Montreal,2014
239250,MercurySteam,2014
247000,Nomad Games,2014
214550,Klei Entertainment,2014
251470,Matt Thorson,2014
266010,Thomas Bowker,2014
265870,Sherman3D,2014
258180,Square Enix,2014
233150,Vlambeer,2014
274980,Rob Howland,2014
283880,Crystal Shard,2014
279420,"World-Loom,Nitreal",2014
218820,Tribute Games Inc.,2014
266370,Bongfish GmbH,2014
283370,Jarhead Games,2004
289340,Nikita,2007
288040,WZOGI,2014
289600,Apeiron,2009
240970,Opus,2014
277430,"Vanguard Games,343 Industries",2014
286500,Alawar,2014
290280,Quantized Bit,2014
283920,Humongous Entertainment,1992
271570,BumpkinBrothers,2014
284950,DL Softworks,2014
283960,Humongous Entertainment,1996
283940,Humongous Entertainment,1994
260130,Idea Factory,2014
263540,Mad Otter Games,2014
282760,Digital Tentacle,2014
291270,9heads Game Studios,2012
286340,Farsky Interactive,2014
283660,Somi,2014
295770,Hippomancer,2014
250640,souvenir circ.,2014
281220,Abstraction Games,2014
227780,"Croteam,Alligator Pit",2014
295730,Windybeard,2014
286100,Minor Key Games,2012
273300,Red Barrels,2014
225600,Puny Human,2014
265630,Fistful of Frags Team,2014
266490,"BitMonster, Inc.",2014
269330,Bedtime Digital Games,2014
293320,"Nova Dimension,Naga Entertainment",2014
260160,Mimimi Productions,2014
282740,Last Limb LLC,2014
269790,Digital Happiness,2014
238460,The Behemoth,2014
244450,Digitalmindsoft,2014
294670,Humongous Entertainment,1997
294540,Humongous Entertainment,1998
301190,Forever Entertainment S. A.,2014
279520,Hypercane Studios,2014
290990,Winter Wolves,2010
248570,Nabi Studios,2006
293860,Milkstone Studios,2014
261110,KADOKAWA GAMES / GRASSHOPPER MANUFACTURE,2014
245620,Haemimont Games,2014
285050,Myrtilus Entertainment,2013
293920,Winter Wolves,2011
242760,Endnight Games Ltd,2014
290770,Over The Moon,2014
270510,Uppercut Games Pty Ltd,2014
279260,Owl Cave,2014
247730,Phosphor Games Studio,2014
261530,Stage 2 Studios,2014
301460,"Michael Todd Games,Yazar Media Group LLC",2014
268750,SmashGames,2014
286360,"10th Art Studio,Adventure Productions",2014
270570,3f Interactive,2012
256190,CI Games,2014
262900,Heydeck Games,2013
297490,Unfinished Pixel,2014
280040,Lost Decade Games,2014
309890,MURA Interactive,2014
223830,Goldhawk Interactive,2014
307640,XGen Studios,2011
297100,Silesia Games Sp. z o.o.,2014
255260,Cyanide Studio,2014
230230,Larian Studios,2014
283230,MEGAFUZZ,2014
291480,Crytek,2014
241240,Game Dev Castle,2014
293840,North of Earth,2014
304500,HandMade Game,2014
292180,Laminar Research,2014
293900,Fixpoint Productions Ltd.,2014
310070,Lucky Frame,2014
255420,Stainless Games,2014
302590,Subvert Games,2016
268850,EVGA,2014
304350,b-alive gmbh,2006
307990,b-alive gmbh,2013
313040,Lemondo Entertainment,2014
291370,JumpCore Productions,2014
248310,GalaxyTrail,2014
302270,Nom Nom Games,2014
307290,Tribe Studios,2014
297512,Relic Entertainment,2014
311480,Nerdook Productions,2014
314230,Elliptic Games,2014
251150,Nihon Falcom,2014
312990,Free Lives,2014
247950,Keen Games,2014
293740,Spry Fox LLC,2014
298520,Night Node,2014
298480,Evil Twin Artworks,2014
306620,88mm,2014
263960,A Jolly Corpse,2014
305920,ShaunJS,2014
314020,"Dan  Walters,Ceri Williams",2014
305980,Teyon,2014
300040,GamePrix,2014
319180,Idigicon,2007
307340,Idigicon,2004
257710,The Men Who Wear Many Hats,2014
299260,Colossal Games,2014
265770,Net Games Laboratory,2014
286690,4A Games,2014
287390,4A Games,2014
261760,Xaviant,2014
312010,Social Loner Studios,2011
250400,Eko Software,2013
262750,Nine Dots Studio,2014
214190,Desconocido,2014
321030,BS1 &amp; BSL Team,2014
288470,Lionhead Studios,2014
246940,Arkavi Studios,2014
316720,VisualArts/Key,2004
319550,Shortbreak Studios s.c.,2014
317410,REMIMORY,2014
319560,electrolyte,2014
272510,"CyberConnect2 Co., Ltd.",2014
321610,Brain Bombers,2011
290730,"Gravvit Ltd,Forbes  Consult Ltd",2014
289130,AMPLITUDE Studios,2014
215080,Ankama Studio,2014
297120,Terri Vellmann,2014
240760,inXile Entertainment,2014
319250,Tasty Stewdios LLC,2014
232890,FireFly Studios,2014
249190,CreativeForge Games,2014
221540,Hidden Path Entertainment,2014
241260,Frogwares,2014
271944,"FromSoftware, Inc",2014
318550,"Monolith Productions, Inc.,Feral Interactive (Mac),Feral Interactive (Linux)",2014
241930,"Monolith Productions,Feral Interactive (Mac),Feral Interactive (Linux)",2014
253610,Final Boss Entertainment,2014
310700,Minor Key Games,2014
319400,Disney Interactive,2011
242640,Cyanide Studio,2014
273110,Nexon,2014
327740,"Monolith Productions, Inc.",2003
322980,Artefacts Studio,2013
268050,Tango Gameworks,2014
325090,Bossa Studios,2014
306660,Game-Labs,2014
226580,Codemasters,2014
327950,"MicroProse Software, Inc",1989
301970,Samurai Punk,2014
318220,Odin Game Studio,2014
326220,Damaged,2014
246090,Double Fine Productions,2014
329830,David Szymanski,2014
313160,Giants Software,2014
299740,Entrada Interactive LLC,2014
297110,Gl33k,2014
250900,"Nicalis, Inc.",2014
323240,Good Games,2014
327410,Freebird Games,2014
317620,Full Control Studios,2014
319450,Frima Studio,2014
259410,Naiad Entertainment LLC,2014
298110,"Ubisoft Montreal, Red Storm, Shanghai, Toronto, Kiev",2014
302010,Might and Delight,2014
295790,"Upper One Games,E-Line Media",2014
226560,Fatshark,2014
329110,Infinity Plus 2,2014
253510,WhiteMoon Dreams,2014
326150,Studio Whisky Tango Inc.,2014
331120,VIS - Visual Imagination Software,2014
332570,Fayju,2014
227160,Badland Studio,2014
248390,Dekovir Entertainment,2014
270942,Axis Game Factory,2014
326480,MoeNovel,2013
326160,Portalarium,2014
303800,"CD PROJEKT RED,Can Explode",2014
318530,Grynsoft,2014
294160,"Hassey Enterprises, Inc.",2014
270370,Vortal Storm,2014
317790,Benjamin Bryant,2014
292140,Square Enix,2014
331440,KintoGames,2014
335670,Dingaling,2014
334230,BlankMediaGames,2014
286040,"BadFly Interactive, a.s.",2014
339120,Dodge Roll,2014
311340,Kojima Productions,2014
207140,DoubleDutch Games,2016
324120,Duelboot,2014
302830,Shumkov Dmitriy,2014
339350,Choice of Games,2014
322170,RobTop Games,2014
336380,Colonthree Enterprises,2014
337070,Dimmdrive Inc.,2015
339290,Snails Animation,2015
340300,Forever Entertainment S. A.,2015
299680,Nyamyam,2015
339800,HuniePot,2015
343780,Cat5Games,2015
266590,Axis Game Factory LLC,2013
304240,"CAPCOM Co., Ltd.",2015
344140,"Lion Game Lion,OVERKILL - a Starbreeze Studio.",2015
295690,Andy Wallace,2015
341720,Eat Create Sleep,2015
313120,Beam Team Games,2015
290790,Petroglyph,2015
345650,InvertMouse,2015
313371,"Monolith Productions, Inc.,Feral Interactive (Mac),Feral Interactive (Linux)",2015
208750,Alientrap,2015
313372,"Monolith Productions, Inc.,Feral Interactive (Mac),Feral Interactive (Linux)",2015
342980,MovingBlocks,2015
307030,Endgame Studios,2015
304650,Failbetter Games,2015
344860,Emmanuel Salva Cruz,2015
345580,3000AD,2015
342740,Geek Sloth Games,2015
336670,Shifty Chair Games,2015
266510,Defiant Development,2015
346170,Spasman Games,2015
346120,Spasman Games,2014
346560,Lonely Troops,2015
315840,FourbitFriday,2015
348960,Rainbow Games,2015
287290,"CAPCOM Co., Ltd.",2015
342560,David Stark,2015
273500,Loren Lemcke,2015
314660,"Just Add Water (Developments), Ltd.",2015
244160,"Gearbox Software,Aspyr (Mac)",2015
338160,Paradox Development Studio,2015
351890,OVERKILL - a Starbreeze Studio.,2015
323470,DIMPS,2015
322520,"KOEI TECMO GAMES CO., LTD.",2015
318791,"Sledgehammer Games,Raven Software",2015
342570,GameUS Inc.,2015
279720,Primal,2004
348090,OVERKILL - a Starbreeze Studio.,2015
348040,11 bit studios,2015
275100,Might and Delight,2015
340540,JAVELIN OÜ,2012
293760,Camshaft Software,2015
349480,Ascension Entertainment LLC,2008
342580,"Jetdogs Studios,Zoom Out Games",2015
352111,Axis Game Factory LLC,2015
348290,CCCP,2014
245370,Tindalos Interactive,2015
327670,Dreadbit,2015
304030,XLGAMES,2015
358150,"Lion Game Lion,OVERKILL - a Starbreeze Studio.",2015
345370,STRIKEWORKS,2015
253530,"Fortress Forever Development Team,Trepid Studios",2007
357600,Kittehface Software,2015
290930,"Filip Victor,Valve",2015
344630,MOONSTONE,2015
311730,"Team NINJA,KOEI TECMO GAMES CO., LTD.",2015
346900,Hyper Hippo Games,2015
336420,"Toadman Interactive,Fatshark",2015
357900,Sometimes You,2015
331200,Daniel Davies,2015
335800,"TT Games Ltd,Feral Interactive (Mac)",2015
339610,Joycity,2015
335300,"FromSoftware, Inc",2015
361314,Digital Confectioners,2015
230190,Brightrock Games,2015
355840,Vostok Games,2015
305380,HE SAW,2015
359800,Reiza Studios,2014
332350,Bohemia Interactive,2015
362280,Desconocido,2013
300080,Creative Assembly,2016
339190,Fictiorama Studios,2015
340340,Sean Davy,2014
277520,Z4G0 and Ivan Venturi Productions,2015
324570,"343 Industries,Vanguard Games",2014
275200,Ostrich Banditos,2015
318230,Convoy Games,2015
340810,Bytebin,2015
247080,Brace Yourself Games,2015
365670,Blender Foundation,2015
362870,KADOKAWA,2015
360870,Tigerish Games,2015
324300,"Cliffhanger Productions,Catalyst Games Lab",2015
323370,"Bluehole, Inc.",2015
359040,David Szymanski,2015
272890,Kinelco &amp; Lone Elk Creative,2014
285820,RageSquid,2015
326410,Tasharen Entertainment Inc.,2015
278910,Team Jolly Roger,2015
363970,Playsaurus,2015
226860,Stardock Entertainment,2015
315660,N3V Games,2015
263060,GhostShark,2015
339280,S2 Games,2015
368360,Robot Gentleman,2015
371420,Forever Entertainment S. A.,2015
333980,ACQUIRE Corp.,2015
278440,Alan Zucconi,2015
373180,Hello There AB,2015
284160,BeamNG,2015
364323,Lionheart Creations,2015
246110,Double Fine Productions,2015
341940,Destructive Creations,2015
368720,Digital Dawn Studios,2015
260430,Digital Leisure Inc.,2015
278970,DiggerWorld Ltd.,2015
356510,Stamina-Games,2015
253250,Radiant Entertainment,2015
372210,Russpuppy,2015
290890,EightyEightGames,2015
312530,Landon Podbielski,2015
313080,Shark Punch,2015
373460,Spectral Games,2015
358090,Access Games,2015
376920,Anarchy Enterprises,2015
367780,"Soloweb Studios,Ravens Eye Studio",2015
338163,Paradox Development Studio,2015
376660,"Elias Viglione,Jussi Kukkonen",2015
352400,"TT Games Ltd,Feral Interactive (Mac)",2015
290140,Mr. Blue,2015
378370,Diminished Studios,2015
336510,Blue Byte,2013
384300,Tim Sullivan,2015
367580,"Maciej Targoni,Wojciech Wasiak",2015
367570,"Maciej Targoni,Wojciech Wasiak",2015
252950,"Psyonix, Inc.",2015
274920,Holotech Studios,2015
286570,"Codemasters,Feral Interactive (Linux)",2015
381560,momoStorm Entertainment,2015
269770,Pixel Ferrets,2015
293260,Blue Manchu,2015
356370,Soccer Manager Ltd,2015
368730,tinyBuild,2015
380360,Scary Bee LLC,2015
385630,Alien Sync Interactive,2015
370360,Zachtronics,2015
319570,MobileBits,2015
376560,Igry.ru,2015
310890,"Mighty Rabbit Studios,Gun Media",2015
316430,Great War Team,2015
368160,Spicy Tails,2015
388090,Scott Cawthon,2015
361550,Flying Cafe for Semianimals,2015
345180,Haemimont Games,2015
280010,Decent Machine,2015
376140,"Silverlode Interactive,Wasatch Games",2008
347830,"Idea Factory,Compile Heart",2015
383120,Eleon Game Studios,2015
385710,ZackBellGames,2015
387860,the whale husband,2015
315860,Ekuator Games,2015
240620,Yeti Trunk,2015
365660,Roll7,2015
365450,Team Fractal Alligator,2015
392450,Sapphire Dragon Productions,2015
391680,"Psyonix, Inc.",2015
391260,Labyrinthine,2015
271360,"Fancy Bytes, Reactor",2015
382490,Rogue Snail,2015
340170,Square Enix,2015
339230,Straight Right,2015
386070,Uber Entertainment,2015
354640,Blue Byte,2010
375950,Ice Water Games,2015
319910,Frozenbyte,2015
367710,"Autobotika,Game Nation Inc",2015
380840,Teeworlds Team,2007
393410,Johannes Eski,2015
385260,Tuomo Laine,2014
378580,OCCA Studios,2015
344850,Twice Circled,2015
349220,Alice &amp; Smith,2015
384310,CCCP,2015
384020,OVERKILL - a Starbreeze Studio.,2015
331600,"KOEI TECMO GAMES CO., LTD.",2015
287920,Star Vault AB,2015
234140,"Avalanche Studios,Feral Interactive (Mac/Linux)",2015
388490,CoaguCo Industries,2015
287700,Konami Digital Entertainment,2015
399520,Trav Nash,2015
296970,Abbey Games,2015
387440,Hi-Rez Studios,2015
386360,Hi-Rez Studios,2015
331190,TURBOGUN,2015
282660,EasyAntiCheat Ltd,2006
274350,"Tendershoot,A Jolly Corpse",2015
401650,OVERKILL - a Starbreeze Studio.,2015
374090,49 Games,2007
391540,tobyfox,2015
391570,tobyfox,2015
401190,Racing Bros,2015
24010,Dovetail Games,2009
238240,Handyman Studios,2015
403900,PiGravity,2015
287840,Krome Studios,2015
344820,Photon Arena,2015
403740,Alex Zhang,2015
280600,WRF Studios,2015
370020,Trese Brothers,2015
282140,Frictional Games,2015
349700,Free Reign Entertainment,2015
349580,Nacho Games,2015
385530,Aratog LLC,2015
321960,Limbic Entertainment,2015
399670,Endless Loop Studios,2015
406080,Anarchy Enterprises,2015
233450,Introversion Software,2015
360740,Moppin,2015
274190,Free Lives,2015
398840,LUCKY GIRLS LIMITED,2015
351970,BANDAI NAMCO Studio Inc.,2015
306670,Codemasters,2015
405170,"Psyonix, Inc.",2015
368230,"Noio,Licorice",2015
330570,C3SK,2015
413850,Desconocido,2015
402020,Funcom,2015
373420,Larian Studios,2015
282050,"Rainbow Studios,THQ Nordic",2015
409670,Studio Pixel,2015
397430,TERC,2015
375040,Exato Game Studios,2015
404410,Michael Zahniser,2015
401920,"Nicalis, Inc.,Edmund McMillen",2015
314520,Dovetail Games,2015
375910,Blue Byte,2015
397680,"Bitl,Cobalt-57",2015
311210,Treyarch,2015
409450,Mana Games,2015
254200,ProjectorGames,2015
290080,Bitbox Ltd.,2015
276810,Rogue Factor,2015
405010,varlamov5264,2015
321060,Transcendent Games,2014
415030,Stately Snail,2015
225540,Avalanche Studios,2015
393420,Bankroll Studios,2015
411560,Lazy Monday Games,2015
328220,Quickfire Games,2015
349100,Instant Kingdom,2003
342200,Piranha Games Inc.,2015
344760,Code}{atch,2015
377560,Ubisoft Montreal,2015
360730,Red Team Games,2015
342970,"Sachonski,Renamilanesi,Sith",2016
391720,Bloober Team SA,2016
262120,"Signal Studios,Krome Studios",2016
246620,Ndemic Creations,2016
352950,Odin Game Studio,2016
96100,Paul Fisch,2016
327220,Daedalic Entertainment,2015
271240,Mohawk Games,2016
288140,PERFECT PARALLEL,2016
351990,FOAM Entertainment,2016
310370,"Fabio Ferrara,Davide Caio,Nicolò Azzolini,Antonio Carcagnì,Luigi Di Guida,Tommaso Vita",2016
418340,Rooster Teeth Games,2016
211820,Chucklefish,2016
338170,Lino Slahuschek,2016
269310,Toge Productions,2016
396650,PixelFade Inc,2016
310380,Edge Case Games Ltd.,2016
227940,Reto-Moto,2016
330100,Mirko Seithe,2016
237870,Pathea Games,2016
232090,Tripwire Interactive,2016
383230,"Lamina Studios,Mike Studios",2016
350600,PIXYUL,2016
332310,"TT Games,Traveller's Tales",2017
328070,Turbo Pixel Studios,2014
383980,Dan Fornace,2017
296300,Aquiris Game Studio,2017
364050,"Tlön Studios,Ilex Games",2017
236110,Trendy Entertainment,2017
332540,Furiously Inactive Games,2017
215280,Funcom,2017
305620,Hinterland Studio Inc.,2017
381020,Fractal Phase,2017
380600,Fishing Planet LLC,2015
346110,"Studio Wildcard,Instinct Games,Efecto Studios,Virtual Basement LLC",2017
25000,Wolfire Games,2017
335430,Omniconnection,2017
285900,Boneloaf,2017
355180,Hoobalugalar_X,2017
291550,Blue Mammoth Games,2017
300380,"Pixel Dash Studios, EQgames",2017
257030,GameCrafterTeam,2017
287220,Alientrap,2017
301520,Freejam,2017
361800,oddonegames,2017
227860,Sauropod Studio,2017
322110,"Batterystaple Games,Fire Hose Games",2017
357650,Sebastian Nigro,2017
237850,Red Thread Games,2017
304930,Smartly Dressed Games,2017
344740,Alientrap,2017
340580,Sun-Studios,2017
280180,"Midgar Studio,Fusty Game",2017
352460,Section Studios,2015
342150,Lightbulb Crew,2017
293780,Powerhoof,2017
344040,Lord Kres,2015
401810,PolyKid,2017
290020,Incandescent Games,2017
302670,Digitalmindsoft,2016
299250,Excalibur,2016
221680,Ubisoft - San Francisco,2016
341000,Eggcode,2016
324810,Reakktor Studios,2016
360170,Eko Software,2016
232450,Stone Blade Entertainment,2016
315430,Bluebutton Games,2014
290000,MURA Interactive,2016
367450,Dry Cactus,2016
291010,Game Mechanics,2016
381120,Strange Fire,2016
270210,Icetesy SPRL,2016
383580,S.C. 16 BIT NIGHTS S.R.L.,2016
408740,Raptor Claw Games,2016
322330,Klei Entertainment,2016
299480,Black Forest Games,2016
306040,"Antanas Marcelionis,Renė Petrulienė",2016
342550,Eyemobi Ltd.,2016
400240,"Fabio Ferrara,Giulia Airoldi",2015
263980,MiniBoss,2016
351730,"Chad Close,Kyle Weik",2016
299460,Fabio Ferrara,2014
219990,Crate Entertainment,2016
348460,Shield Break Studios,2016
224500,Robotronic Games,2016
428880,Redshift,2016
264120,Vae Victis Games,2016
363270,Egamea Game Studios,2016
412400,Dark Day Interactive,2015
262060,Red Hook Studios,2016
316390,Cybertime System,2015
298240,"Rocketeer Games Studio, LLC",2015
381990,Gravity Interactive,2010
400250,"Fabio Ferrara,Giulia Airoldi",2015
356070,Orlyapps,2015
418300,Hellbent Games,2015
416670,webgames,2015
397340,"Jundroo, LLC",2015
405820,"Iguana Entertainment,Nightdive Studios",1997
298030,Cavedog Entertainment,1997
250520,Stygian Software,2015
421890,StudioGIW,2015
393380,Offworld Industries,2015
386510,Travian Games GmbH,2015
412470,GDT Limited,2015
200150,"Olde Sküül,Sculptured Software",2015
407510,Bluehole Ginno Games,2015
390520,Outerminds Inc.,2015
345350,Square Enix,2015
407600,DotEmu,2015
360940,"Virtual Basement LLC,Code Headquarters LLC",2015
421770,Cherry Pop Games,2015
242680,Vlambeer,2015
394510,Arrowhead Game Studios,2015
415420,isTom Games Kft.,2015
409160,Crows Crows Crows,2015
423120,Hosted Games,2015
419070,Fatshark,2015
387240,"PolarityFlow,Adrian Zingg",2015
422400,OVERKILL - a Starbreeze Studio.,2015
399834,Ronimo Games,2015
359550,Ubisoft Montreal,2015
376210,Afterthought LLC,2015
397040,NIKITA ONLINE,2015
346370,Small Town Studios,2015
393010,"Klei Entertainment,Capybara Games",2015
423880,Eyzi,2015
336520,Blue Byte,2015
390390,Ubisoft - San Francisco,2015
324160,VisualArts/Key,2015
418910,Very Simple Idea Studios,2015
403700,"Ben 'Yahtzee' Croshaw,Collected Worlds",2015
421630,Hosted Games,2015
417860,Kyle Seeley,2015
378720,MuHa Games,2015
307670,CreativeForge Games,2015
368500,"Ubisoft Quebec, in collaboration with Ubisoft Annecy, Bucharest, Kiev, Montreal, Montpellier, Shanghai, Singapore, Sofia, Toronto studios",2015
398100,Dharker Studio,2015
390670,ICE Entertainment,2015
377860,"CAVE Interactive CO.,LTD.",2015
324680,"Relic Entertainment,THQ Nordic",2003
409510,Shumkov Dmitriy,2015
418070,"Space Cat Studios,SnowFlame,Back To Basics Gaming",2015
416130,Unwonted Studios,2015
377160,Bethesda Game Studios,2015
410340,LuGus Studios,2015
287980,Dinosaur Polo Club,2015
416640,Choice of Games,2015
355950,"SkyBox Labs,Forgotten Empires",2015
375600,Landfall,2015
38400,Interplay Inc.,1997
329440,Sonic Team,2015
353270,"Idea Factory,Compile Heart,Felistella",2015
412140,"Zykov Eddy,Xitilon",2015
410680,Rising Sun Interactive,2015
325300,Wildgrass,2015
411570,Hosted Games,2011
235540,Fatshark,2015
363890,"KADOKAWA,Yoji Ojima",2015
335190,Orange_Juice,2015
409590,Oreol,2015
319050,Snapshot Games Inc.,2015
404080,Peter Moorhead,2015
366220,Code Club AB,2015
290300,Double Damage Games,2015
408990,"Games by Robert, LLC",2015
410210,PiGravity,2015
375820,Tomorrow Corporation,2015
403190,Madruga Works,2015
402840,Codename Entertainment Inc.,2015
376870,Telltale Games,2015
397550,Ion Storm,2015
399730,"Psyonix, Inc.",2015
265750,Switchblade Monkeys Entertainment,2015
230070,Iron Tower Studio,2015
337320,South East Games,2015
354160,Kylotonn Racing Games,2015
353830,"Firaxis Games,Aspyr (Mac, Linux)",2015
375030,Zbigniew Ochman,2015
403570,Akakiy Petrushkin,2015
303210,Everything Unlimited Ltd.,2015
370480,Serenity Forge,2015
400842,"Jagex,Artplant",2015
348470,"KOEI TECMO GAMES CO., LTD.",2015
370240,Visual Concepts,2015
310470,Gaming Minds Studios,2015
385890,Forbes Consult Ltd,2015
395520,"AlPixel Games,Luis Diaz,Gustavo Santos,Albert Fernandez,Tice Thomason",2015
400110,"Erik Svedäng,El Huervo / Niklas Åkerblad,Tobias Sjögren,Oscar ""Ratvader"" Rydelius,Johannes Gotlén",2015
236690,Cyanide Studios,2015
404480,Team Eleven Eleven,2015
381850,TML-Studios,2015
402890,CAT IN JAR GAMES,2015
398710,Digital Melody,2015
383450,Great War Team,2015
312280,BlueLine Games,2015
399790,ninjalex,2015
357480,SuperVillain Studios,2015
344770,ALICE IN DISSONANCE,2015
322910,Hammerfall Publishing,2015
359050,marbenx,2015
318020,Eugen Systems,2015
395910,Baller Industries,2010
385830,storm_sharks,2015
314410,Rake in Grass,2015
290340,League of Geeks,2015
385330,"Jurlo,JetPackGone",2015
397500,Labyrinthine,2015
298360,Studio Eres,2007
399430,Razvan,2015
369400,Eforb,2015
356520,Underdog Games,2015
387970,"gord10,Aslan Game Studio",2015
330390,"GAME ARTS Co., Ltd.,SkyBox Labs",2015
363440,Capcom,2015
359310,Shiro Games,2015
356570,"Pinokl Games,Kverta",2015
391460,WARTEAM,2015
359390,"Idea Factory,Design Factory",2015
290490,Vogelsap,2015
393970,Desconocido,2005
352010,BurstRay Games,2015
335820,SoftStar,2015
372800,Marxnet,2015
384360,"Edmund McMillen,James Id",2015
357070,Walter Machado,2015
229580,HyperSloth,2015
360550,InvertMouse,2015
362410,Vertigo Games,2015
391270,David Szymanski,2014
391070,quad games,2015
282780,Never Don't Play,2015
356670,Lag Studios,2015
320140,"Funselektor Labs Inc.,FlippFly",2015
389570,Freakinware Studios,2015
316010,Stainless Games Ltd.,2015
345390,The Odd Gentlemen,2015
383750,A Crowd of Monsters,2015
364510,Kronosaur Productions,2015
364690,KITATUS STUDIOS,2015
388080,"AndrewMD5,Codeusa",2015
312780,ACQUIRE Corp.,2015
385980,Ragiva Games e.K.,2015
327500,bitHuffel,2015
385770,Proton Studio Inc,2015
331500,Hesketh Studios,2015
386880,Konsordo,2015
362810,PillowPigGames,2015
317820,Gambrinous,2015
385270,Real Dynamics,2015
382780,Desconocido,2014
369060,MachineSpirit,2015
384021,OVERKILL - a Starbreeze Studio.,2015
384150,Black Shell Games,2015
373390,Baggy Cat Ltd,2015
350150,Moment Studio,2015
351050,Childish Things,2015
323380,Question,2015
304050,Trion Worlds,2015
327520,Gatling Goat Studios,2015
384980,YFC games,2015
351510,"Jackbox Games, Inc.",2015
274230,Tomasz Wacławek,2015
242130,TimeSymmetry,2015
369580,NotGames,2015
300400,"Acceleroto, Inc.",2015
352700,"Virgin Interactive Entertainment,PriitK",2015
345440,Skobbejak Games,2015
300570,Zachtronics,2015
265810,PIXOWL INC.,2015
316930,Jae Lee Productions,2015
317400,Prism Game Studios Ltd.,2015
208650,Rocksteady Studios,2015
371180,"Wisdom Tree, Inc.",1995
343462,Creative Assembly,2015
374300,"Lion Game Lion,OVERKILL - a Starbreeze Studio.",2015
374301,OVERKILL - a Starbreeze Studio.,2015
374450,Travian Games GmbH,2015
380580,"Henrique Pegacha,Rafael Lima,Nuno Guerreiro",2012
283080,PestoForce,2015
363360,Split Polygon,2015
329050,"CAPCOM Co., Ltd.",2015
378850,Skinny Jean Death Studios,2015
351640,Holy Priest,2015
336250,Team6 game studios B.V.,2015
343710,IMGN.PRO,2015
327090,Space Boat Studios,2015
334772,Slightly Mad Studios,2015
367120,Michaela Laws,2015
360640,"Jetdogs Studios,Zoom Out Games",2015
375220,practicing01,2015
349720,T3 Entertainment,2007
375510,Mint Age Studios,2015
268970,ToMorning Productions,2015
365900,Retronic Games,2015
257170,"Northway Games,Sarah Northway",2015
345610,Frontwing,2015
249950,Desconocido,2015
347620,"高考恋爱委员会,橘子班",2015
367240,Dark Amber Softworks,2015
351710,"Idea Factory,Compile Heart,Felistella",2015
332250,Aurelien Regard,2015
374570,Desconocido,2015
330580,Lighthouse Games Studio,2015
352960,Orbital Knight,2015
352130,"Gromada,Buka Entertainment",2003
325723,Techland,2015
278570,Solest Games,2015
238370,Pieces Interactive,2015
235800,Dylan Fitterer,2015
354650,Zandel Media,2015
370150,John Cullen,2015
366890,Mystic Games,2015
351800,Daniel Jonathan Bourke,2015
366660,OVERKILL - a Starbreeze Studio.,2015
351090,Grey Alien Games,2015
286940,"Dragonfly GF Co., LTD",2013
304950,Stolen Couch Games,2015
351555,NetherRealm Studios,2015
368340,Radical Fish Games,2015
371500,Deion Mobile,2015
310360,07th Expansion,2015
274270,Roll7,2015
332200,Thomas Happ Games LLC,2015
243970,Klei Entertainment,2015
368990,AGC,2015
340350,Carmine T. Guida,2013
369000,Drixy Games,2015
361330,Immersive Douro,2015
370190,Pribuni,2015
368870,OVERKILL - a Starbreeze Studio.,2015
351140,Reactor Zero,2015
367670,Koga Tech Limited,2015
350080,MachineGames,2015
362890,Crowbar Collective,2015
289760,"Radial Games Corp,Loren Bednar,Dr. Kimberly Voll,Lindsay Jorgensen",2015
365070,DeXP,2014
349830,OVERKILL - a Starbreeze Studio.,2015
296490,Game in a Bottle,2015
299360,"Jagex,Artplant",2015
358960,"Finji,Kittehface Software",2015
356310,SNK CORPORATION,2015
362620,Coredumping,2015
357360,AMPLITUDE Studios,2015
290650,Panzer Gaming Studios,2015
251130,Behold Studios,2015
340150,Halfbus,2015
264380,stage-nana,2007
329430,Undead Labs,2015
220200,Squad,2015
293240,Nate Schmold,2015
267750,Cliffhanger Productions,2015
242860,"M2H,Blackmill Games",2015
357380,Desconocido,2015
355250,Totally Games,1994
345820,WayForward,2015
354380,Climax Studios,2015
361630,Retro Yeti Games,2015
351290,TB Games,2015
271590,Rockstar North,2015
307780,"NetherRealm Studios,High Voltage Software",2015
347880,NetherRealm Studios,2015
360960,Running With Scissors,2015
363490,Mint Age Studios,2015
363480,LDC Studios,2015
364450,"Nina Freeman,Laura Knetzger,Stephen Lawrence Clark",2015
252450,Zero Sum Games,2015
327890,Bossa Studios,2015
321360,"Circle Five Studios,Pub Games",2015
357330,nornware AB,2015
361700,Desconocido,2011
343000,House of Tales,2001
324260,AtomicTorch Studio,2015
297130,Acid Nerve,2015
322920,"Expansive Worlds,Avalanche Studios",2015
291650,Obsidian Entertainment,2015
354240,Four Quarters,2015
348620,Zeiva Inc,2014
318130,Heartbit Interactive,2011
356380,Brainchild,2015
342620,Triangle Studios,2015
350220,Phoenix Studio,2015
234920,Owlchemy Labs,2015
348670,vidiludi games and entertainment,2015
335030,Creative Assembly,2015
347670,Crian Soft,2015
306130,Zenimax Online Studios,2014
353090,InterAction studios,2015
342300,Still Running,2015
334070,Rubycone,2015
311560,"Ubisoft Sofia,Ubisoft Kiev",2015
255710,Colossal Order Ltd.,2015
274170,Dennaton Games,2015
261570,Moon Studios GmbH,2015
354500,Desconocido,2015
320350,Capcom,2015
349740,Might and Delight,2015
351461,Ronimo Games,2015
351790,"Milan Kazarka,Jeroen van Oosten",2015
351900,Locomotivah,2015
338540,SDEnterNet,2015
307880,"Signal Studios,Smart Ghost",2015
353560,"Mario von Rickenbach,Michael Frei",2015
301640,Rebellion,2015
354140,Scott Cawthon,2015
339400,Blackfire Games,2015
350750,Urban Games,2015
328940,"Crescent Moon Games,Cinopt Studios",2015
222440,"SNK CORPORATION,Code Mystics",2015
353360,"Nina Freeman,Emmett Butler,Decky Coss,Joni Kittaka",2014
317100,Camouflaj,2015
341310,Lesley Dodd,2015
319740,Iridium Studios,2015
328060,Rhaon Entertainment,2015
270450,Erik Asmussen,2015
333950,Keen Software House,2015
329130,Anisoptera Games,2015
351570,Desconocido,2015
340610,Great War Team,2015
323720,Shining Gate Software,2015
298630,Mouldy Toof Studios,2015
346180,Fermenter Games,2014
325610,Creative Assembly,2015
273350,Turtle Rock Studios,2015
345200,Dingo Games,2015
273840,Reiza Studios,2015
320760,"M2 Co.,LTD",2015
285920,Payload Studios,2015
335840,Cabygon,2015
340050,Bob the Game Development Bot,2015
315810,minori,2015
348380,Anothink,2015
262960,"Matt Kap,Nicalis, Inc.",2015
330070,MAGIX Software GmbH,2015
313010,Focus Home Interactive,2015
343360,Microblast Games,2015
335660,roseVeRte,2011
282900,"IDEA FACTORY Co., Ltd.,COMPILE HEART Co., Ltd.,FELISTELLA Co., Ltd.",2015
319630,"DONTNOD Entertainment,Feral Interactive (Mac),Feral Interactive (Linux)",2015
335240,Atelier 801,2015
341530,Zanrai Interactive,2015
342230,Lazy Bum Games,2015
346010,Spiderling Studios,2015
214420,Doctor Entertainment AB,2015
297000,DotEmu,2015
346250,Red Dwarf Games,2012
337120,Axis Game Factory LLC,2015
239140,Techland,2015
250420,Archive Entertainment,2015
316790,Double Fine Productions,2015
329490,MAGES. Inc.,2015
327640,rdt.32,2015
258050,Endless Loop Studios,2013
301910,"Deep Silver Volition,High Voltage Software",2015
315394,Desconocido,2015
338000,"Binary Zoo,The Game Creators",2015
328670,Raylight Games,2013
343270,StephenAllen,2013
340310,Forever Entertainment S. A.,2015
333390,Winter Wolves,2014
314150,DotEmu,2015
339470,Sometimes You,2015
322900,GabberGames.com,2015
323450,EXE-CREATE,2015
326670,"Rodeo Games,Twistplay",2015
304910,Atypical Games,2015
332500,"BitMonster, Inc.",2015
340460,YFC games,2015
336100,"Team Chaos, LLC",2014
322300,IF Studios,2014
314160,Microsoft Game Studios,2006
337661,OVERKILL - a Starbreeze Studio.,2014
337660,OVERKILL - a Starbreeze Studio.,2014
289881,"2K Australia,Gearbox Software,Aspyr (Mac,Linux)",2014
222420,"SNK CORPORATION,Code Mystics",2014
329010,Paradox Development Studio,2014
327280,Creative Assembly,2014
257510,Croteam,2014
319140,Renegade Kid,2014
321300,Brytenwalda,2014
335330,Exe Games Inc.,2012
312930,Big Ant Studios,2014
335890,Quantumfrog,2014
289690,Crystal Dynamics,2014
332070,"JumpStart Games, Inc.",2014
244770,"Schine, GmbH",2014
239840,DoubleBear Productions,2014
337040,Screwfly Studios,2014
313375,"Monolith Productions, Inc.,Feral Interactive (Mac),Feral Interactive (Linux)",2014
331220,Glass Knuckle Games,2014
286260,ALICE IN DISSONANCE,2013
314300,Imaekgames [Imaek Limited],2014
241560,Ivory Tower in collaboration with Ubisoft Reflections,2014
315396,Ivory Tower in collaboration with Ubisoft Reflections,2014
330840,Telltale Games,2014
328500,Pixeljam,2014
297350,PostMod Softworks,2014
328830,Alternative Software Ltd,2014
324080,JIW-Games,2014
318520,SCS Software,2014
317440,GameArt Studio GmbH,2014
310790,"Lucid Games,Aspyr (Mac &amp; Linux)",2014
330830,Telltale Games,2014
326720,With The Love Studios,2014
266150,IO Entertainment,2013
230310,Spicy Horse,2014
331670,"Jackbox Games, Inc.",2014
263480,Strike Games,2014
311400,"OCR Dev Team,Onur Uça",2016
282070,11 bit studios,2014
296570,Numantian Games,2014
306020,Ninja Kiwi,2014
331470,Soviet Games,2014
331900,OVERKILL - a Starbreeze Studio.,2014
305960,Sky Drake Studios,2014
298160,Hunted Cow Studios,2014
332800,Scott Cawthon,2014
289650,Ubisoft,2014
294860,SEGA,2014
260410,Digital Leisure Inc.,2014
275690,"2K Australia,Gearbox Software,Aspyr (Mac &amp; Linux)",2014
204630,"Vblank Entertainment, Inc.",2014
313690,"TT Games Ltd,Feral Interactive (Mac)",2014
306370,TML-Studios,2009
272080,Cherry Pop Games,2014
310031,Paradox Development Studio,2014
318710,"CyberConnect2 Co., Ltd.",2014
326990,Ultravision Interactive,2014
319970,Rival Games Ltd,2014
265300,"CI Games,Deck 13",2014
270490,Tin Man Games,2014
284140,Epiphany Games,2014
318100,Axyos Games,2014
209650,"Sledgehammer Games,Raven Software",2014
274940,Digital Confectioners,2014
274620,8-Bit Studio,2017
249050,AMPLITUDE Studios,2014
321980,Mountain Sheep,2014
317360,Double Action Factory,2014
65980,"Firaxis Games,Aspyr (Mac, Linux)",2014
318430,"Tomi Maarela,Elias Viglione",2014
308420,Milkstone Studios,2014
250580,Digerati Distribution,2013
248610,KillHouse Games,2014
256010,Full Control,2014
322060,"Monolith Productions, Inc.,Feral Interactive (Mac),Feral Interactive (Linux)",2014
284460,5 Bits Games,2014
314980,BattleGoat Studios,2014
221180,"Rudolf Kremers &amp; Alex May,Tuna",2014
251730,Almost Human Games,2014
327860,Lavaboots Studios,2014
201210,Desert Owl Games LLC,2014
261640,"2K Australia,Gearbox Software,Aspyr (Mac and Linux)",2014
307690,"United Front Games,Feral Interactive (Mac)",2014
315340,Extend Studio,2014
251170,9heads Game Studios,2014
301760,Avalanche Software,2011
214490,"Creative Assembly,Feral Interactive (Mac),Feral Interactive (Linux)",2014
300820,Avalanche Software,2011
292120,Square Enix,2014
302510,Crytek,2014
325110,Smack Down Productions,2012
316260,Eurocom,2011
323500,OVERKILL - a Starbreeze Studio.,2014
321830,Vine,2014
245176,Lab Zero Games,2014
258970,Arrowhead Game Studios,2014
295490,Italic Pig,2014
289930,Deck13 Hamburg,2014
317510,Qwiboo Ltd,2014
323610,Sixteen Tons Entertainment,2006
258520,The Astronauts,2014
236150,Little Green Men Games,2014
278620,Phigames,2014
263020,Breakfall,2014
305050,Housemarque,2014
323180,Valve,2014
323140,Valve,2014
299660,"Turtle Cream,PokPoong Games",2014
311140,Orion Games,2006
282440,id Software,2010
312750,"Square Enix,DotEmu SAS.",2014
300550,Harebrained Schemes,2014
320970,Fugazo,2014
297141,ComiPo! LLP,2014
321840,IDHAS Studios,2013
292630,Rail Slave Games,2014
304410,Matthew Brown,2014
306550,LGK Games,2014
307170,Conrad Nelson,2014
304730,Urban Games,2014
266430,Elijah Newman-Gomez,2014
310080,"Mediatonic,Hato Moa,The Irregular Corporation",2014
313590,On The Level Game Studios,2014
265550,Capcom Game Studio Vancouver,2014
321580,Uber Entertainment,2014
257730,Lightmare Studios,2014
317710,Shawn Beck,2014
315600,Razorworks,2005
315740,Razorworks,2008
246070,Double Fine Productions,2014
261180,Team Reptile,2014
295710,Psychic Software,2014
313340,David OReilly,2014
272600,SFB Games,2014
285580,Spearhead Games,2014
270170,"The Quinnspiracy,Patrick Lindsey,Isaac Schankler",2014
249230,Piranha Bytes,2014
319510,Scott Cawthon,2014
289520,1C-SoftClub,2014
317470,Cosmic Cow LLC,2014
312630,SMG Studio,2014
45760,Capcom,2014
293500,Ganz,2014
268650,Brilliant Skies Ltd.,2014
315260,Desconocido,2005
295550,Katauri,2014
305260,DR Studios,2014
317890,"QUICKTEQUILA,Calum Bowen",2014
244590,Dead Shark Triplepunch,2014
275510,TickTock Games,2014
293540,Masthead Studios Ltd,2014
296470,Stegersaurus Software Inc.,2014
291930,Actalogic,2014
287340,Codemasters Digital,2014
264140,Vitali Kirpu,2015
298600,QUICKTEQUILA,2014
311870,Retro Army Limited,2014
274290,Deconstructeam,2014
299720,Dan Walters,2014
233980,@unepic_fran,2014
298260,Creability,2014
312210,Touz,2014
274900,JForce Games,2014
274250,"Roll7,General Arcade",2014
299030,Monolith Productions,1998
311190,BlueEagle Productions,2014
313020,Tlön Studios,2013
302970,Hexage,2014
255070,ACE Team,2014
280740,Aperture Tag Team,2014
312150,Hyper Hippo Games,2014
265120,Elder Games,2014
296770,Vivid Games S.A.,2014
237310,KOG,2014
304670,"Bat Country Games, LLC",2014
307130,Legend Studio,2014
305070,I Fight Bears,2014
275530,TickTock Games,2014
244630,STUDIO RADI-8,2014
306460,Smartly Dressed Games,2014
307070,DarkElite,2014
260230,Ubisoft Montpellier,2014
216260,Big Ant Studios,2014
250760,Yacht Club Games,2014
255220,"Codemasters Racing,Feral Interactive (Mac),Feral Interactive (Linux)",2014
238090,Rebellion,2014
308310,Rebellion,2014
269250,Spicy Tails,2014
299540,Choice of Games,2012
300300,Stolen Couch Games,2014
263280,Oovee® Game Studios,2014
275670,Passtech Games,2014
266390,Hammer Labs,2013
287450,"SkyBox Labs,Big Huge Games",2014
285480,Lesta Studio,2003
302380,Suspicious Developments,2014
294570,Humongous Entertainment,2001
287120,Ironsun Studios,2014
298340,Jujubee S.A.,2014
303390,Microblast Games,2014
287580,Proxy Studios,2013
283680,Edelweiss,2014
289090,ProjectorGames,2014
233290,Airtight Games,2014
296050,Key17 Games,2012
253710,"Expansive Worlds,Avalanche Studios",2014
302080,SCS Software,2007
260790,"Nicalis, Inc.",2014
224600,"Trion Worlds, Inc.",2014
299780,Glass Knuckle Games,2014
302060,SCS Software,2011
268220,Phenomenon Games,2014
250620,Krillbite Studio,2017
270940,Axis Game Factory,2014
294140,The Working Parts,2014
95400,"Sparpweed,Codeglue",2014
243470,Ubisoft,2014
239120,Square Enix,2014
288290,Desconocido,2014
275610,Nomad Games,2014
300900,Freegamer,2014
278360,Gone North Games,2014
296150,Genee Network,2014
297330,Firebase Industries Ltd.,2014
296650,kunst-stoff GmbH,2014
201810,Machine Games,2014
237930,Supergiant Games,2014
284390,The Game Kitchen,2014
300970,Onson Soft,2008
285330,Chris Sawyer Productions,2002
285310,Chris Sawyer Productions,1999
262410,Noble Empire Corp.,2014
263760,Secret Exit Ltd.,2014
291910,VIS - Visual Imagination Software,2014
300220,Smolders,2014
255390,Press Play,2014
274310,Vagabond Dog,2014
284930,"Holy Warp,Black Wing Foundation",2014
301750,DL Softworks,2014
282800,Orange_Juice,2013
291250,Meteoric Games,2014
278080,"KOEI TECMO GAMES CO., LTD.",2014
237970,Centauri Production,2014
270150,Osumia Games,2015
225280,Over the Top Games,2014
358260,3D Realms (Apogee Software),1991
358340,Redwood Games,1992
259380,OVERKILL - a Starbreeze Studio.,2014
228180,Mirillis,2014
261510,Big Finish Games,2014
251630,Grip Games,2014
244410,BattleGoat Studios,2014
297210,Oryx Design Lab,2014
294650,Humongous Entertainment,1993
298180,Scott Cawthon,2014
296910,AwesomeBlade,2014
242720,"Masangsoft, Inc.",2014
293680,MoaCube,2012
292240,Humongous Entertainment,1999
292780,Humongous Entertainment,1998
287100,"Holy Warp,Black Wing Foundation",2014
242880,Big Robot Ltd,2013
270941,Axis Game Factory,2014
358250,3D Realms (Apogee Software),1992
358290,Moonlite Software,1994
236430,"FromSoftware, Inc",2014
207230,CodeBrush Games,2014
275490,Crazy Moo Games,2014
296240,"Boolat Games,Alawar Entertainment",2012
280930,Hitcents,2014
230840,Zombie Studios,2014
256290,Ubisoft Montréal,2014
295990,Atapki,2014
245490,"RedLynx, in collaboration with  Ubisoft Shanghai, Ubisoft Kiev",2014
278490,"Amaranth Games, LLC",2014
293180,Microblast Games,2014
294230,Forever Entertainment S. A.,2014
273070,"Arcen Games, LLC",2014
286080,Stridemann,2014
245175,Lab Zero Games,2014
250050,Infinite Monkeys Entertainment Ltd.,2014
251060,Eugen Systems,2014
282400,GolemLabs,2004
249550,Silk Games,2014
288370,Born Ready Games,2014
285160,"Traveller's Tales,Feral Interactive (Mac)",2014
205990,Ino-Co Plus,2014
275700,Bohemia Interactive,2014
280910,Phoenix Game Studio,2014
286200,Frogdice,2014
263740,Lion's Shade,2013
283980,Humongous Entertainment,1997
277460,Pyro Studios,2003
277450,Pyro Studios,2005
258590,NGD Studios,2014
267340,Lightmare Studio,2014
280220,Knuckle Cracker,2014
269810,Eric Provan - Ayyo Games,2014
276340,Sproing,2014
270550,Awesome Games Studio,2014
277930,Nerd Kingdom Inc.,2014
269490,TreeFortress Games,2014
265930,Coffee Stain Studios,2014
281370,GameORE,2014
282470,Klei Entertainment,2014
227560,Tragnarion Studios,2014
256370,Milestone S.r.l.,2014
266130,"Mighty Rabbit Studios,Gun.",2014
269350,Organic Humans,2014
243120,Blackpowder Games,2014
281410,Burut CT,2008
281820,Curve Studios,2011
209160,Infinity Ward,2014
283430,Gremlin Interactive,1993
274560,"Laser Guided Games, LLC",2014
245550,Desconocido,2014
268400,"Flashback Games,The Lordz Games Studio",2011
283290,Idol FX,2003
266070,Mechanist Games,2014
269050,Simogo,2014
204530,Rocket Bear Games,2014
261880,DolphinBarn,2014
263500,Wyrmbyte,2014
285500,Targem Games,2005
262490,ComiPo! LLP,2014
254460,Hydravision Entertainment,2005
254480,Hydravision Entertainment,2008
236470,BANDAI NAMCO Studio Inc.,2014
254700,Capcom,2014
239160,"Eidos-Montréal,Feral Interactive (Mac)",2014
261920,ALLPlayer Group Ltd.,2014
266210,Smoking WOLF,2014
262590,Niffler Ltd.,2014
264200,Silver Dollar Games,2014
281050,Tomoaki Sugeno,2014
213670,Obsidian Entertainment,2014
266110,Terrible Posture Games,2014
259450,Celsius Game Studios,2014
281770,Daedalic Entertainment,2014
264280,"Zaxis Games,B-evil",2014
209060,"Dejobaan Games, LLC",2014
271640,Browny Application,2014
263820,Chaosoft Games,2014
251870,OVERDRIVE,2011
278460,Dancing Dragon Games,2014
233350,Climax Studios,2005
269290,Rsupport Inc.,2014
273940,app2fun,2014
39210,Square Enix,2014
219700,Cyanide,2014
259740,Artifex Mundi,2012
262260,Rake in Grass,2014
259720,Sakura River Interactive,2009
271860,Flump Studios,2014
263420,South East Games,2014
252350,"WayForward,Abstraction Games",2014
267530,"TT Fusion,Traveller's Tales,Feral Interactive (Mac)",2014
250260,Necrophone Games,2014
269270,Fred Wood,2014
273770,Sunlight Games,2014
270090,Rail Slave Games,2014
268260,Voxler Games,2014
271500,CI Games,2008
271520,Edge of Reality,2014
208090,Edge of Reality,2014
267940,Team 6 Studios,2010
238750,Ubisoft,2014
263200,Sweet Dog Studios,2014
246700,Ragequit Corporation,2014
232790,Double Fine Productions,2014
255370,Zen Studios,2014
249650,Daedalic Entertainment,2014
237990,Stoic,2014
228380,Bugbear,2014
257970,Winter Wolves,2014
235460,PlatinumGames,2014
263360,Phr00t's Software,2014
263400,Yakiniku Banzai,2012
246420,Ironhide Game Studio,2014
247304,Deep Silver Volition,2014
263340,Jason Oda,2014
263680,Semaphore,2014
263380,"Ville Mönkkönen,Anne Mönkkönen",2013
262550,Hörberg Productions,2014
252150,Spicyhorse Games,2014
237950,Altar Games,2007
217100,Memetic Games,2013
261030,Telltale Games,2013
259390,Arachnid Games,2013
259430,Entheogen Studios LLC,2012
249590,Rain Games,2013
257830,Forever Entertainment S. A.,2013
250340,"Eric Hartman,Ben Garney,Anthony Rotondo",2007
259080,Avalanche Studios,2013
221100,Bohemia Interactive,2013
252530,MR-Software GbR,2013
252490,Facepunch Studios,2013
253690,Spearhead Games,2013
248860,Blue Bottle Games,2014
259780,Desconocido,2013
265330,Fishcow Studio,2013
245150,Orthogonal Games,2013
268090,Desconocido,2013
39150,Square Enix,2013
252410,Image &amp; Form,2013
234330,Demiurge Studios,2013
248650,Hitcents,2013
253350,StarQuail Games,2013
248970,Desconocido,2013
261980,Andrii Vintsevych,2009
259700,Desconocido,2013
243800,Gamepires,2013
245910,"Gearbox Software,Aspyr (Mac &amp; Linux)",2013
258880,PlayWay S.A.,2013
249082,"Relic Entertainment,Feral Interactive (Mac),Feral Interactive (Linux)",2013
259620,Phr00t's Software,2011
259550,Lonely Troops,2012
264610,OVERKILL - a Starbreeze Studio.,2013
231330,The Farm 51,2013
2870,Egosoft,2013
224460,Compulsion Games,2013
226669,Paradox Development Studio,2013
218130,Critical Studio,2013
242700,"NetherRealm Studios,High Voltage Software",2013
214931,"Irrational Games,Aspyr (Mac),Virtual Programming (Linux)",2013
237760,Cipher Prime Studios,2013
257400,Mixamo,2013
260750,JoWooD Vienna,2004
233190,Mighty Rocket Studio,2013
233310,Spiderweb Software,2013
252030,Desconocido,2013
224260,No More Room in Hell Team,2011
247580,Ludosity,2013
259800,Creative Assembly,2013
247910,Desconocido,2013
215100,Gravity Interactive,2003
259320,Reality Pump,2002
255300,"Koboldgames,Daedalic Entertainment",2013
238260,FarSight Studios,2013
239720,NAMCO BANDAI Games,2013
256070,Kylotonn Entertainment,2013
254440,Cherry Pop Games,2013
40950,FireFly Studios,2001
40970,FireFly Studios,2002
252630,Minor Key Games,2013
252910,"United Independent Entertainment GmbH,Actalogic",2010
249130,Traveller's Tales,2013
249990,BetaDwarf,2013
253650,Desconocido,2011
245280,Ninja Theory,2013
234670,CyberConnect2 Co. Ltd.,2013
209000,"WB Games Montreal,Splash Damage",2013
256330,Milestone S.r.l.,2013
252670,BeautiFun Games,2013
235980,Swing Swing Submarine,2013
245470,Positech Games,2013
258200,Nomad Games,2013
248550,Team Reptile,2013
238300,Deep Silver Volition,2013
242800,Wild Games Studio,2013
233130,Flying Wild Hog,2013
219103,Treyarch,2013
248800,Dischan Media,2013
253920,Desconocido,1999
254080,Reality Pump,2001
248410,Three Gates,2013
227020,Desconocido,2013
251430,Studio Fizbin,2013
242980,Desconocido,2000
253980,Starbreeze,2003
250380,Ice-Pick Lodge,2013
51100,"FIX Korea, Co.LTD,FIX Games, Co. LTD",2013
238910,"Arcen Games, LLC",2013
247020,Vertigo Gaming Inc.,2013
244050,777 Studios,2013
239200,The Chinese Room,2013
237370,Desconocido,2013
107410,Bohemia Interactive,2013
246300,Desconocido,2012
247240,Crazy Viking Studios,2013
222940,SNK CORPORATION,2013
214950,Creative Assembly,2013
242550,Desconocido,2013
232430,Fullbright,2013
225080,Starbreeze Studios AB,2013
247293,Deep Silver Volition,2013
249330,Petit Depotto,2013
239700,Love Conquers All Games,2013
65930,2K Marin,2013
206420,Deep Silver Volition,2013
244730,"Iron Galaxy Studios, LLC",2013
235600,Ubisoft Toronto,2013
234792,Treyarch,2013
245170,Lab Zero Games,2013
239350,Desconocido,2013
239030,3909,2013
214770,DrinkBox Studios,2013
236850,Paradox Development Studio,2013
241720,Exato Games Studio,2013
239070,Crackshell,2013
254260,OVERKILL - a Starbreeze Studio.,2013
234390,Test3 Projects,2013
213850,Stainless Games,2013
222587,Dovetail Games,2013
231910,nFusion Interactive,2013
241600,Cellar Door Games,2013
236370,Zero Point Software,2013
232910,Nadeo,2013
240600,Milestone S.r.l.,2013
209630,Frogwares,2013
230820,Daedalic Entertainment,2013
222750,Eugen Systems,2013
231160,"Olli Harjola, Otto Hantula, Tom Jubert, Carlo Castellano",2013
258090,TORaIKI,2013
228260,Stardock Entertainment,2013
215530,NeocoreGames,2013
238890,"Arcen Games, LLC",2013
236090,Humble Hearts LLC,2013
234490,XYLA Entertainment,2013
204450,Techland,2013
206190,Suspicious Developments,2013
44350,"Codemasters Racing,Feral Interactive (Mac)",2013
235250,Coffee Stain Studios,2013
238210,"Irrational Games,Looking Glass Studios",1999
230090,"Gearbox Software,Aspyr (Mac &amp; Linux)",2013
212893,Arkane Studios,2013
232970,Most Wanted Entertainment,2013
236730,11 bit studios,2013
234190,Wolfire Games,2013
220900,Owlchemy Labs,2013
234160,Born Ready Games Ltd.,2013
224760,Polytron Corporation,2013
233270,Ubisoft Montreal,2013
231060,"Gravity, Inc.",2013
209520,The Binary Mill,2013
113020,Pocketwatch Games,2013
223710,Team Psykskallar,2013
234772,Treyarch,2013
219092,Treyarch,2013
217690,Dreampainters,2013
230700,NIGORO,2013
104900,"Trek Industries, Inc",2013
230980,Droqen,2013
207930,Southend,2013
221380,"Skybox Labs,Hidden Path Entertainment,Ensemble Studios",2013
229870,Nadeo,2013
214933,"Irrational Games,Aspyr (Mac),Virtual Programming (Linux)",2013
232950,Halycon Media GmbH &amp; Co. KG,2013
227260,Binary Fortress Software,2013
227180,Reverie World Studios,2013
225420,Colossal Order Ltd.,2013
230410,Digital Extremes,2013
105420,Twisted Pixel Games,2013
8870,"Irrational Games,Aspyr (Mac),Virtual Programming (Linux)",2013
230050,Going Loud Studios,2013
219190,Puppygames,2013
217200,Team17 Digital Ltd,1999
233740,The Men Who Wear Many Hats,2013
210550,Rovio Entertainment Ltd,2013
232010,SCS Software,2008
34870,City Interactive,2013
215870,Cyanide Studio,2013
218060,Gaijin Games,2013
228760,Nadeo,2011
212070,Star Gem Inc.,2013
222520,NGD Studios,2013
227100,Rebellion,2013
203160,"Crystal Dynamics,Feral Interactive (Mac),Feral Interactive (Linux)",2013
204080,Arrowhead Game Studios,2013
224580,Bohemia Interactive,2013
204240,"Ty Taylor and Mario Castañeda,The Quantum Astrophysicists Guild",2013
219340,Stoic,2013
225260,Double Fine Productions,2013
211500,Sector3 Studios,2013
223810,Nihon Falcom,2013
202130,Cyanide Montreal,2013
227240,Scirra,2013
219680,Ed Key and David Kanaga,2013
212480,Sumo Digital,2013
219890,Alexander Bruce,2013
208520,Haemimont Games,2013
225833,"Gearbox Software,Aspyr (Mac &amp; Linux)",2013
227580,EightyEightGames,2013
213250,"Gearbox Software,Aspyr (Mac &amp; Linux)",2013
210898,Paradox Development Studio,2013
227300,SCS Software,2013
228280,Beamdog,2013
11610,Eyedentity Games Inc.,2012
224540,Jagex Limited,2012
227200,Tiger Style,2012
212700,Crankshaft Games,2012
222980,CSR-Studios,2012
220700,KADOKAWA,2012
208570,Arkane Studios,2012
208690,"GearBox Software,Aspyr (Mac &amp; Linux)",2012
42990,Kerberos Productions,2012
220240,"Ubisoft Montreal, Massive Entertainment, and Ubisoft Shanghai",2012
221640,Terry Cavanagh,2012
214510,Traveller's Tales,2012
224960,Core Design,2012
225300,Core Design,2012
221260,Tomorrow Corporation,2012
213610,SEGA,2012
218680,5th Cell Media,2012
203140,"Io-Interactive A/S,Feral Interactive (Mac)",2012
218230,Daybreak Game Company,2012
208480,Ubisoft Montreal,2012
213210,"Gearbox Software,Aspyr (Mac &amp; Linux)",2012
205633,"Haemimont Games,Feral Interactive (Mac)",2012
220780,Bithell Games,2012
221020,"Xavi Canal, Ben Palgi",2012
214610,773,2012
206500,Carbon Games,2012
215256,United Front Games,2012
218410,"Level Up Labs, LLC",2012
4920,Unknown Worlds Entertainment,2012
214870,The Farm 51,2012
218740,Might and Delight,2012
220460,Serious Brew,2012
211400,"Tequila Works, S.L.",2012
203350,1C-SoftClub,2012
218640,Shiver Games,2012
211160,"Creative Assembly, PC Port - Hardlight",2012
220820,Exor Studios,2012
214130,IPACS,2012
207816,OVERKILL Software,2012
213650,Power of 2,2012
219640,Torn Banner Studios,2012
214560,Klei Entertainment,2012
200170,Team17 Digital Ltd,2012
218040,Positech Games,2007
216910,Cyanide Studio - Spiders Studios,2012
209730,Wizarbox,2012
216890,Cyanide Studios,2012
207730,ExDream GmbH,2012
212041,Qooc Software,2012
220860,Sos,2012
201805,Robot Entertainment,2012
205100,Arkane Studios,2012
204371,The Behemoth,2012
204372,The Behemoth,2012
204360,The Behemoth,2012
214830,Opus,2012
214630,Aspyr,2012
200710,Runic Games,2012
200510,"Firaxis Games,Feral Interactive (Mac),Feral Interactive (Linux)",2012
212390,Cloud 9 Studio,2012
208460,BlueGiant Interactive,2012
212680,Subset Games,2012
221001,Ben Prunty Music,2012
218560,"Gearbox Software,Aspyr (Mac &amp; Linux)",2012
49520,"Gearbox Software,Aspyr (Mac &amp; Linux)",2012
208500,Codemasters Birmingham,2012
214790,"Edmund McMillen,Tyler Glaiel",2012
215670,Benjamin Rivers Inc.,2012
210170,Spaces of Play,2012
214250,Ubisoft  Shanghaï,2012
211420,FromSoftware,2012
216110,Kukouri,2012
211260,Spooky Squid Games Inc.,2012
212800,Vlambeer,2010
206210,"Monolith Productions, Inc.",2012
214700,Blendo Games,2012
208362,Dovetail Games,2012
207750,Empty Clip Studios,2012
214340,Daedalic Entertainment,2012
207815,OVERKILL Software,2012
211180,Talawa Games,2012
207570,increpare games,2011
216150,Nexon,2012
204300,Ronimo Games,2012
212410,Saber Interactive,2012
201790,Robot Entertainment,2012
115320,Radical Entertainment,2012
212030,Qooc Software,2012
209870,Hardsuit Labs,2012
208140,AMPLITUDE Studios,2012
211440,Smudged Cat Games Ltd,2012
205910,Black Pants Studio,2012
97330,Stainless Games,2012
16870,"Firaxis Games,Aspyr (Mac, Linux)",2012
208730,Cyanide Studios,2012
50300,Yager Development,2012
204880,"Ironclad Games,Stardock Entertainment",2012
91330,"X1 Software,AWAR",2012
47400,FireFly Studios,2012
211780,Pivotal Games,2002
113204,"Edmund McMillen, Florian Himsl",2012
200396,Unigine LLC.,2012
202750,Remedy Entertainment,2012
211740,Looking Glass Studios,2000
211600,Looking Glass Studios,1998
209690,Subatomic Studios LLC,2012
205610,Gaming Minds,2012
207690,Amanita Design,2012
202730,"Hassey Enterprises, Inc.",2012
96800,IllFonic,2012
94300,Cockroach Inc.,2012
203650,SEGA,2012
58230,Brawsome,2012
208670,Gaijin Entertainment Corporation,2012
201070,Dark Artz Entertainment,2012
209830,Jasper Byrne,2012
207610,Telltale Games,2012
203630,Ino-Co Plus,2012
200050,Turbo Tape Games,2012
207170,Almost Human Games,2012
204060,"Capybara,Superbrothers,Jim Guthrie",2012
20920,CD PROJEKT RED,2011
205730,Shadow Planet Productions,2012
104700,Uber Entertainment,2012
63380,Rebellion,2012
48705,"TaleWorlds Entertainment,Flying Squirrel Entertainment",2012
209360,Doublesix Games,2012
113420,Reloaded Productions,2011
58610,Eugen Systems,2012
201570,Boss Baddie,2012
47410,FireFly Studios,2012
205870,Cipher Prime Studios,2012
102840,Klei Entertainment,2012
55345,Relic,2012
65300,Hitbox Team,2012
102500,"Big Huge Games,38 Studios",2012
200940,Blit Software,2012
18120,Futuremark,2012
67370,Digital Extremes,2012
55475,Relic,2012
105450,Ensemble Studios,2009
201230,Daybreak Game Company,2011
55230,Volition,2011
107800,Recoil Games,2011
80310,Joshua Neurnberger,2011
99300,Avalanche Studios,2011
6370,Stunlock Studios,2011
65730,Bohemia Interactive,2011
110400,Digital Arrow,2011
32800,Snowblind Studios,2011
70640,Team17 Digital Ltd,1995
65800,Trendy Entertainment,2011
70620,Team17 Digital Ltd,2011
24240,OVERKILL Software,2011
96200,Kot in Action Creative Artel,2011
9200,id Software,2011
102600,Robot Entertainment,2011
111600,Mommy's Best Games,2011
42719,Treyarch,2011
17710,"GameConnect,InterWave Studios",2011
72840,Obsidian Entertainment,2011
70600,Team17 Digital Ltd,2011
98600,Zeroscale,2011
111800,Swing Swing Submarine,2011
107100,Supergiant Games,2011
33460,Ubisoft Montpellier,2011
27940,DnS Development,2011
45797,Capcom,2011
91700,Streum On Studio,2011
73220,BattleGoat Studios,2011
48000,Playdead,2011
65780,Bohemia Interactive,2011
107300,Zeboyd Games,2011
105300,Manic Game Studios,2011
107310,Zeboyd Games,2011
98800,"Gaslamp Games, Inc.",2011
46540,Headup Games / Crenetic,2011
44340,Codemasters Action Studio,2011
55110,Volition,2011
94200,Final Form Games,2011
24670,N3V Games,2011
41740,Ice-Pick Lodge,2011
95300,Alientrap,2011
72200,Giant Army,2011
48720,TaleWorlds Entertainment,2011
97100,TimeGate Studios,2011
35480,Power of 2,2011
96000,Colibri Games,2011
104200,Big Fat Alien,2011
99400,Dead Mage,2011
92000,Dark Energy Digital Ltd.,2011
105100,State of Play Games,2011
105600,Re-Logic,2011
22350,Splash Damage,2011
92100,Sandswept Studios,2011
104600,Geoff Keighley,2011
98500,Game Distillery s.r.o.,2011
104000,Cobra Mobile,2011
99700,"Nicalis, Inc.",2011
92800,Zachtronics,2011
71230,SEGA,2011
71250,SEGA,2011
55040,Blendo Games,2011
91900,Steel Monkeys,2011
93200,Puppygames,2011
48190,Ubisoft Montreal,2011
108800,Crytek Studios,2011
91800,Bacon Wrapped Games,2011
47920,Slightly Mad Studios,2011
39190,Gas Powered Games,2002
72730,Obsidian Entertainment,2011
73010,Colossal Order Ltd.,2011
64000,Digitalmindsoft,2011
65560,Eggtooth Team,2011
42910,Arrowhead Game Studios,2011
63500,Ronimo Games,2010
78000,"PopCap Games, Inc.",2010
38720,Two Tribes,2010
48950,Vanguard Games,2010
47870,Criterion Games,2010
8500,CCP,2003
61600,Secret Exit Ltd.,2010
31280,Telltale Games,2010
55140,"Double Helix Games,Rainbow Studios,THQ Nordic",2010
40800,Team Meat,2010
40380,Techland,2010
47810,BioWare,2010
58520,Cyanide Studios,2010
2450,Outerlight Ltd.,2010
72900,inner seas,2010
39690,Spellbound Studios,2010
63800,Lunar Giant,2010
45740,Capcom Vancouver,2010
57000,Over the Top Games,2010
43000,Double Helix Games,2010
8970,Silver Wish Games,2010
25010,Wolfire Games,2005
60800,"CINEMAX, s.r.o.",2010
42890,Kerberos Productions Inc.,2008
63610,Cyan Worlds,1997
33680,Zaratustra Productions,2010
58200,Brawsome,2010
34830,City Interactive,2010
35091,Avalanche Studios,2010
300,Valve,2010
46440,Headup Games / Radon Labs,2010
39670,Cauldron,2003
33930,Bohemia Interactive,2010
21090,"Monolith Productions, Inc.,Timegate",2005
57600,Haemimont Games,2010
32470,Petroglyph,2006
34030,"The Creative Assembly,Feral Interactive (Mac)",2010
24960,DICE,2010
40100,Gas Powered Games,2010
46260,Elite Games Team,2010
33230,Ubisoft Montreal,2010
8190,Avalanche Studios,2010
20570,"Relic Entertainment,Feral Interactive (Mac/Linux)",2010
47700,EA Los Angeles,2010
45000,Cadenza Interactive,2010
18820,Brian Cronin,2010
3730,Rebellion,2000
45710,Airtight Games,2010
24980,BioWare,2010
38700,Two Tribes,2010
45100,Artery Games,2010
10680,Rebellion,2010
8850,"2K Marin,2K China,Digital Extremes,2K Australia,Feral Interactive (Mac)",2010
41700,GSC Game World,2010
44200,"Hassey Enterprises, Inc.",2010
550,Valve,2009
3170,Katauri Interactive,2009
41300,Nimbly Games,2009
12480,"Noviy Disk,Lesta Studios Inc",2009
8990,Gearbox Software,2009
41600,VIS Interactive,1999
25500,Mindstorm Studios,2009
40400,"Arcen Games, LLC",2009
32200,Black Jacket Studios,2009
8980,Gearbox Software,2009
12830,Codemasters Studios,2009
23490,Haemimont Games,2009
20500,"Volition,Reactor Zero,THQ Nordic",2009
21690,Capcom,2009
3620,"PopCap Games, Inc.",2009
32400,LucasArts,1995
32380,LucasArts,1997
32390,LucasArts,1998
6030,"Raven Software,Aspyr (Mac)",2003
6020,"Raven Software,Aspyr (Mac)",2003
25980,1C:InoCo,2009
25700,Playbrains,2009
15520,"Dejobaan Games, LLC",2009
38460,BioWare Corporation,2000
39800,DiezelPower,2010
25990,Cyberlore,2001
20530,"Volition, Inc.",2001
11130,Frogwares,2008
11140,Frogwares,2008
25890,Paradox Development Studio,2009
35140,"Rocksteady Studios,Feral Interactive (Mac)",2010
3700,Rebellion,2005
36150,Sandlot Games,2009
34900,Invent4 Entertainment,2009
32340,LucasArts,1990
32350,LucasArts,2002
6000,LucasArts,2005
25910,BattleGoat Studios,2008
32630,NovaLogic,1999
3720,Elixir Studios,2004
10604,"The Creative Assembly,Feral Interactive (Mac),Feral Interactive (Linux)",2009
24720,EA - Maxis,2009
33900,Bohemia Interactive,2009
35700,Frozenbyte,2009
12810,"Triumph Studios,Virtual Programming",2009
11360,2DEngine.com,2008
26900,Kloonigames,2009
7830,Best Way,2009
1250,Tripwire Interactive,2009
7860,The Farm 51,2009
33130,Sigma Team Inc.,2007
8170,Eidos Studio Hungary,2009
16720,Replay Studios,2009
3590,"PopCap Games, Inc.",2009
18700,Broken Rules,2009
3710,Rebellion,2005
20540,Relic Entertainment,2009
26800,Number None,2009
26500,Lazy 8 Studios,2009
29800,Elecorn,2009
17550,ES Team,2007
17580,Puny Human,2005
11590,Deep Red Limited,2007
21780,Ubisoft Reflections,2007
15620,"Relic Entertainment,Feral Interactive (Mac/Linux)",2009
10500,"The Creative Assembly,Feral Interactive (Mac),Feral Interactive (Linux)",2009
12430,Technetium Games,2009
23310,Square Enix,2009
23450,Haemimont Games,2009
22120,Frictional Games,2009
25800,Paradox Development Studio,2007
22300,Bethesda Game Studios,2008
22100,TaleWorlds Entertainment,2008
19000,Double Helix Games,2008
18020,Hothead Games,2008
500,Valve,2008
10090,Treyarch,2008
13600,Kudosoft,2003
17430,EA Black Box,2008
11280,Frogames,2008
8340,Telltale Games,2008
17460,BioWare,2008
17440,Maxis™,2008
17390,Maxis™,2008
17700,Insurgency Development Team,2007
17510,Team Chivalry,2007
17530,EXOR Studios,2008
17500,Zombie Panic Team,2007
17520,Synergy Team,2005
16710,Crackpot Entertainment,2008
12340,Deck13,2008
15300,Red Storm Entertainment,2001
17740,Empires,2008
11020,Nadeo,2008
15100,Ubisoft Montreal,2008
15120,Ubisoft Montreal,2008
7200,Nadeo,2008
400,Valve,2007
16120,Last Day of Work,2007
15000,Red Storm Entertainment,2006
15170,Nival,2006
15130,Ubisoft,2003
18000,Hothead Games,2008
11230,"CINEMAX, s.r.o.",2008
16600,Redlynx,2008
12900,Dylan Fitterer,2008
12330,Ascaron Entertainment ltd.,2006
9460,Kaos Studios,2008
9450,Relic Entertainment,2008
8600,SimBin,2007
3483,"PopCap Games, Inc.",2007
6420,"Mithis Games,THQ Nordic",2004
8800,Firaxis Games,2007
4560,Relic Entertainment,2006
9500,Cryptic Sea,2004
9050,id Software,2004
2200,id Software,1999
9070,id Software,2005
9180,id Software,1990
440,Valve,2007
420,Valve,2007
2590,Black Element,2007
4780,"The Creative Assembly,Feral Interactive (Mac),Feral Interactive (Linux)",2007
7940,"Infinity Ward,Aspyr (Mac)",2007
8080,IO Interactive,2007
8230,Telltale Games,2007
8400,Bizarre Creations,2007
6880,Avalanche Studios,2006
6900,Io-Interactive A/S,2000
6850,Io-Interactive A/S,2002
6870,Eidos Interactive,2007
6800,Pyro Studios,1998
6860,Io-Interactive A/S,2006
2600,Troika Games,2004
4500,GSC Game World,2007
6980,Ion Storm,2004
6910,Ion Storm,2000
3480,"PopCap Games, Inc.",2007
2620,Infinity Ward,2003
3830,Double Fine Productions,2005
2630,"Infinity Ward,Aspyr (Mac)",2005
2640,Gray Matter Studios,2004
1690,Malfador Machinations,2006
3910,Firaxis Games,2001
3900,Firaxis Games,2005
4700,"The Creative Assembly,Feral Interactive (Mac),Feral Interactive (Linux)",2006
240,Valve,2004
280,Valve,2004
320,Valve,2004
220,Valve,2004
3920,Firaxis Games,2005
340,Valve,2005
39200,Gas Powered Games,2005
1200,Tripwire Interactive,2006
1900,Reality Pump Studios,2006
360,Valve,2006
2500,Frozenbyte,2006
380,Valve,2006
2810,Egosoft,2005
1670,Strategy First,2006
1510,Introversion Software,2006
3450,"PopCap Games, Inc.",2006
3390,"PopCap Games, Inc.",2006
3320,"PopCap Games, Inc.",2006
20,Valve,1999
50,Gearbox Software,1999
60,Valve,2000
10,Valve,2000
40,Valve,2001
130,Gearbox Software,2001
30,Valve,2003
13230,"Epic Games, Inc.",2004
80,Valve,2004
