item_id,developer,price
70,Valve,9.99
2400,Outerlight Ltd.,9.99
3800,GlyphX Games,9.99
1520,Introversion Software,9.99
2420,Outerlight Ltd.,9.99
4000,Facepunch Studios,9.99
2990,Bugbear Entertainment,9.99
6220,Bugbear Entertainment,7.49
6310,Funcom,9.99
7600,"Firaxis Games,Feral Interactive (Mac)",9.99
8000,"Crystal Dynamics,Feral Interactive (Mac)",8.99
6550,"CAPCOM Co., Ltd.",19.99
2280,id Software,4.99
9160,id Software,14.99
2300,id Software,4.99
2270,id Software,4.99
9010,Gray Matter Studios,4.99
2310,id Software,4.99
7670,"2K Boston,2K Australia",19.99
4570,Relic Entertainment,12.99
4580,Relic Entertainment,12.99
4760,The Creative Assembly,9.99
12130,Rockstar North,9.99
12150,Remedy Entertainment,9.99
7000,Crystal Dynamics,6.99
12140,Remedy Entertainment,9.99
17480,EA Los Angeles,19.99
12500,Infinite Interactive,9.99
9730,Desconocido,9.99
2700,"Frontier,Aspyr (Mac)",19.99
13250,"Epic Games, Inc.",9.99
13560,Ubisoft,9.99
13520,Crytek Studios,9.99
15200,Ubisoft Romania,9.99
15320,1C: Maddox Games,9.99
8310,Telltale Games,9.99
12590,BigAnt Studios,9.99
19500,"Luc Bernard,SilverSphereStudios",4.99
11260,Lesta Studio,7.99
12360,Bugbear Entertainment,19.99
15710,Oddworld Inhabitants,2.99
15700,Oddworld Inhabitants,2.99
7770,"MicroProse Software, Inc",4.99
7660,"MicroProse Software, Inc",4.99
7760,"MicroProse Software, Inc",4.99
20510,GSC Game World,9.99
17330,Crytek,19.99
17300,Crytek,19.99
7730,"MicroProse Software, Inc",4.99
20900,CD PROJEKT RED,9.99
16810,Firaxis Games,19.99
19830,"Red Storm Entertainment,Ubisoft Montreal",9.99
21000,Traveller's Tales,19.99
15390,Gearbox Software,9.99
3050,Techland,4.99
22000,2D BOY,9.99
2820,Egosoft,15.99
12200,Rockstar New England,14.99
19900,Ubisoft Montreal,9.99
11240,Meridian4,4.99
9480,Volition,9.99
17470,EA Redwood Shores,19.99
17410,DICE,19.99
18500,Hidden Path Entertainment,9.99
16450,Monolith,14.99
11340,Meridian4,4.99
25830,Black Sea Studios Ltd,9.99
22180,Frictional Games,9.99
13210,"Epic Games, Inc.",19.99
27020,Tale of Tales,4.99
24740,Criterion Games,19.99
11330,IonFX,4.99
1930,Reality Pump Studios,9.99
7510,Gaijin Entertainment,9.99
22200,ACE Team,9.99
25900,1C Company,6.99
7840,Sky Fallen,2.99
8880,Irrational Games,4.99
1280,Darklight Games,0.0
10150,Radical Entertainment,19.99
12470,Ascaron Entertainment ltd.,4.99
22330,Bethesda Game Studios,14.99
22320,Bethesda Game Studios,14.99
31860,HeR Interactive,6.99
31930,HeR Interactive,6.99
21660,Capcom,19.99
6060,Pandemic Studios,9.99
32360,LucasArts,9.99
10140,Wanako Games,9.99
10130,Saber Interactive,19.99
33520,"PopTop Software,BreakAway Games,Frog City Software",6.99
36000,Sakari Indie,4.99
32370,"BioWare,Aspyr (Mac)",9.99
29180,Hemisphere Games,9.99
38410,Black Isle Studios,9.99
38420,14° East,9.99
38440,Shiny Entertainment,9.99
37400,Size Five Games,4.99
13570,Ubisoft Montreal,9.99
11390,Desconocido,9.99
37600,"Vectorpark, Inc.",2.99
32770,NovaLogic,19.99
40700,Amanita Design,9.99
24840,EA Los Angeles,9.99
24870,Slightly Mad Studios,19.99
41500,Runic Games,14.99
24800,EA Los Angeles,19.99
40330,Animation Arts,9.99
41100,Konstantin Koshutin,4.99
41000,Croteam,14.99
17450,BioWare,19.99
10180,"Infinity Ward,Aspyr (Mac)",19.99
32440,"Traveller's Tales,Feral Interactive (Mac)",19.99
11450,"Triumph Studios,Virtual Programming",4.99
24790,EA Los Angeles,14.99
24810,EA Los Angeles,19.99
41800,Positech Games,14.99
45300,Gaijin Entertainment,9.99
35420,Defence Alliance Team,0.0
32430,"LucasArts,Aspyr Studios",19.99
22370,Bethesda Game Studios,19.99
38210,Spidermonk Entertainment,1.99
45700,Capcom,19.99
17570,Octoshark Studios,0.0
41050,Croteam,9.99
48700,TaleWorlds Entertainment,19.99
42120,Fatshark,9.99
12220,Rockstar North / Toronto,19.99
45730,Other Ocean Interactive,4.99
45400,Nemesys Games,0.99
49600,Cold Beam Games,9.99
43500,Realmforge Studios,9.99
40930,The Odd Gentlemen,4.99
49800,Muse Games,4.99
34010,Obsidian Entertainment,14.99
22610,Team17 Software Ltd.,9.99
630,Valve,0.0
24780,"EA - Maxis,Aspyr (Mac)",19.99
33670,"Akella,.dat",14.99
28000,IO Interactive,9.99
39680,Rune Forge,9.99
63900,Ino-Co,4.99
50130,"2K Czech,Feral Interactive (Mac)",29.99
50510,doublesix,9.99
48800,VStep,19.99
22600,Team17 Digital Ltd,19.99
46770,Muzzy Lane Software,14.99
42960,Paradox Development Studio,19.99
4850,GSC Game World,4.99
57640,Revolution Software Ltd,5.99
62100,Zoë Mode,4.99
70300,Terry Cavanagh,4.99
57300,Frictional Games,19.99
70400,EasyGameStation,19.99
70100,exosyphen studios,4.99
38600,Subsoap,9.99
8930,"Firaxis Games,Aspyr (Mac, Linux)",29.99
41060,Croteam,9.99
9940,Krome Studios,2.99
22650,Team17 Digital Ltd,9.99
50620,Vigil Games,19.99
42920,NeoCoreGames,9.99
47790,Electronic Arts,19.99
45750,"CAPCOM CO., LTD.",19.99
22380,Obsidian Entertainment,9.99
18040,Hothead Games,14.99
6120,Klei Entertainment,9.99
35460,Teotl Studios,9.99
32500,Aspyr Studios,19.99
62000,Firemint,4.99
63700,Gaijin Games,9.99
33980,Centauri Production,9.99
33950,Altar Games,4.99
42700,Treyarch,39.99
15750,Oddworld Inhabitants,9.99
31290,Telltale Games,19.99
12100,Rockstar Games,9.99
12120,Rockstar Games,14.99
12110,Rockstar Games,9.99
92300,Extend Studio,4.99
80000,BlueGiant Interactive,14.99
47780,Visceral Games,19.99
63200,Uber Entertainment,4.99
71165,SEGA,2.99
47890,The Sims Studio,19.99
42000,Trinoteam,4.99
7520,Reality Pump Studios,19.99
63710,Gaijin Games,9.99
55100,"Kaos Studios,Digital Extremes",19.99
39120,Trion Worlds,0.0
94000,Stout Games,3.99
92700,Black Lion Studios,9.99
91200,11 bit studios,9.99
73170,Martin Ivanov,9.99
70000,800 North and Digital Ranch,9.99
620,Valve,19.99
91600,Coffee Stain Studios,9.99
73020,1C:InoCo,19.99
98200,Mode 7,24.99
22450,inXile Entertainment,4.99
42140,Fatshark,9.99
39160,Obsidian Entertainment,14.99
57900,Gearbox Software,19.99
102700,Red Duck Inc.,0.0
9880,Cryptic Studios,0.0
99900,Grey Havens,0.0
49470,Stainless Games Ltd,19.99
97000,Murudai,9.99
21100,Day 1 Studios,19.99
99100,Bedlam Games,14.99
94590,Telltale Games,9.99
105700,Secret Base,0.99
72750,Obsidian Entertainment,4.99
61100,YeaBoing,4.99
65790,Bohemia Interactive,4.99
57690,Haemimont Games,14.99
38740,Two Tribes,6.99
107200,MinMax Games Ltd.,9.99
99910,Three Rings,0.0
55150,Relic,29.99
63940,1C Company,7.99
98400,Flying Wild Hog,14.99
22230,ACE Team,9.99
35450,Tripwire Interactive,19.99
33420,Desconocido,9.99
73210,Paradox Development Studio,9.99
111400,NGD Studios,4.99
48220,Blackhole,19.99
9420,Gas Powered Games,14.99
113200,Edmund McMillen and Florian Himsl,4.99
200230,1C-Avalon,4.99
9350,Gas Powered Games,14.99
45770,Capcom Vancouver,19.99
115100,Double Fine Productions,9.99
201480,"Vlambeer,Croteam",4.99
200910,Iridium Studios,4.99
24200,Daybreak Game Company,0.0
71340,Devil's Details,19.99
110800,"Team Bondi,Rockstar Leeds",19.99
61310,Cipher Prime Studios,6.99
46350,Unicorn Games Studio,3.99
202200,Stardock Entertainment,19.99
113400,Reloaded Productions,0.0
201510,Team 6 Studios,9.99
23530,"Vicious Cycle Software, Inc.",9.99
201310,Egosoft,9.99
35720,Frozenbyte,19.99
204030,Lionhead Studios,9.99
204340,Croteam,9.99
9900,Cryptic Studios,0.0
57740,"Coreplay GmbH,Bigmoon Studios",19.99
105800,Q-Games Ltd.,9.99
203210,Puppygames,9.99
203770,Paradox Development Studio,39.99
108710,Remedy Entertainment,9.99
10220,Trashmasters,11.99
200210,Wild Shadow Studios,0.0
55381,Volition,6.99
207490,"UBIart Montpellier,Feral Interactive (Mac)",19.99
206521,Grey Havens,5.99
108500,Strange Loop Games,19.99
206690,Cobra Mobile,4.99
115110,Double Fine Productions,9.99
207420,Tribute Games Inc.,2.99
207790,Trickstar Games,9.99
207250,3 Sprockets,3.99
204180,Eden Industries,1.99
102850,Trapdoor Inc.,9.99
206610,Reality Pump,9.99
202310,BUGBEAR,9.99
207430,David Williamson,6.99
40390,Piranha Bytes,9.99
203750,Devil's Details,14.99
209370,Love Conquers All Games,9.99
98300,Signal Studios,9.99
209100,Slant Six Games,29.99
108200,Days of Wonder,9.99
207350,Nihon Falcom,19.99
204100,Rockstar Studios,19.99
212500,"Standing Stone Games, LLC",0.0
209790,Cipher Prime Studios,9.99
207080,BlinkWorks Media,9.99
42170,Fatshark,14.99
213330,TT Games,19.99
212160,Nexon,0.0
203830,Daedalic Entertainment,19.99
206480,"Standing Stone Games, LLC",0.0
212630,"Ubisoft Paris,Red Storm Entertainment",19.99
200010,Airtight Games,8.99
17080,Hi-Rez Studios,0.0
205550,Sakari Indie &amp; GriN,6.99
207650,Misfits Attic,9.99
207400,Tennen-sozai,5.99
209270,Robot Entertainment,4.99
212010,Fishlabs Entertainment GmbH,7.99
730,Valve,14.99
208580,"Obsidian Entertainment,Aspyr (Mac, Linux, &amp; Windows Update)",9.99
72000,Eyebrow Interactive,9.99
200260,"Rocksteady Studios,Feral Interactive (Mac)",19.99
206440,Freebird Games,9.99
214970,Aleksey Abramenko,9.99
61730,Capybara Games,6.99
205950,Blit Software,7.99
205650,Frogwares,19.99
65740,Bohemia Interactive,32.99
209670,Data Realms,19.99
205060,Gaijin Games,9.99
215510,Ratloop Asia,4.99
208200,id Software,19.99
205190,Ubisoft - San Francisco,29.99
219910,Daedalic Entertainment,19.99
218090,2x2 Games,19.99
215470,Lukewarm Media,7.99
219150,Dennaton Games,9.99
209080,Muse Games,4.99
223470,Running With Scissors,9.99
220740,Daedalic Entertainment,19.99
222140,Neko Entertainment,7.99
202970,Treyarch,59.99
223510,IonFx,14.99
212200,NEXON Korea Corp.,0.0
224900,Reality Pump,19.99
225640,Ascaron,14.99
211280,DnS Development,9.99
215710,Subatomic Studios LLC,9.99
209540,Born Ready Games Ltd.,19.99
221810,Double Fine Productions,14.99
228400,NAMCO,19.99
220440,Ninja Theory,29.99
231140,Focus Home Interactive,9.99
224820,Megadev,6.99
226740,"Radial Games Corp,Dejobaan Games, LLC",9.99
222660,24 Caret Games,9.99
220160,"Redlynx Ltd,Ubisoft  Shanghaï",19.99
232770,Running With Scissors,1.99
221040,Capcom,29.99
233470,Shiro Games,9.99
233550,"Eric Chahi,DotEmu",9.99
227220,Artifice Studio,0.0
228440,3 Sprockets,7.99
227080,Minority Media Inc.,14.99
233720,Bossa Studios,9.99
227480,Old School Games,9.99
232050,Snowbird Games,19.99
232750,Spiders,14.99
234710,Telltale Games,4.99
220660,Zero Sum Games,29.99
235780,Adam Foster,0.0
210770,Coffee Stain Studios,14.99
222730,Abbey Games,9.99
235070,Point Five Projects,4.99
222480,Capcom,29.99
228300,DONTNOD Entertainment,29.99
208812,"Crystal Dynamics,Feral Interactive (Mac),Feral Interactive (Linux)",2.99
236790,Actalogic,9.99
235360,Nival,9.99
231740,Behold Studios,9.99
218550,"Gearbox Software,Aspyr (Mac &amp; Linux)",9.99
231430,"Relic Entertainment,Feral Interactive (Mac),Feral Interactive (Linux)",19.99
237110,"NetherRealm Studios,High Voltage Software",19.99
239800,Ian Campbell,4.99
207620,Desconocido,4.99
239660,Dragonfly,0.0
225360,Realmforge Studios,9.99
243360,Nadeo,19.99
225160,General Arcade,9.99
39140,Square Enix,11.99
235580,"Firaxis Games,Aspyr (Mac, Linux)",29.99
201420,Two Tribes,14.99
205080,Gaijin Games,9.99
237590,Old School Games,9.99
233370,KING Art,24.99
241320,Ludosity,9.99
234650,Harebrained Schemes,14.99
241410,Zen Studios,9.99
228960,17-BIT,9.99
214930,"Irrational Games,Aspyr (Mac),Virtual Programming (Linux)",4.99
234080,MercurySteam - Climax Studios,29.99
217140,Interceptor Entertainment,14.99
210870,Pwnee Studios,9.99
223770,Eagle Dynamics SA,29.99
243950,Larian Studios,39.99
231040,Threaks,9.99
237630,WayForward,14.99
233840,Team17 Digital Ltd,24.99
244230,Gaijin Entertainment,29.99
242570,Full Control Studios,24.99
244870,Michael Todd Games,7.99
226720,Spark Unlimited,24.99
243780,"Double Eleven,Q-Games Ltd.",9.99
250110,Witch Beam,14.99
244710,Might and Delight,9.99
239820,Greenheart Games,9.99
111900,Zombie Studios,19.99
249630,Priority Interrupt,7.99
238320,Red Barrels,19.99
231310,Santa Ragione,14.99
227600,"SEGA Studios Australia,Feral Interactive (Mac)",14.99
226960,Zachtronics,14.99
244810,"Mediatonic,The Irregular Corporation",14.99
227310,SCS Software,9.99
248350,North of Earth,9.99
237740,FreakZone Games,4.99
249680,Zootfly,4.99
243450,Tate Multimedia,6.99
236450,"Mine Loader Software Co., Ltd.",9.99
249870,5th Cell Media,19.99
217920,CI Games,19.99
246255,"Mine Loader Software Co., Ltd.",1.99
251370,MagicalTimeBean,4.99
220260,Giants Software,19.99
244930,Poppermost Productions,0.0
221910,Galactic Cafe,14.99
247140,Studio Bean,7.99
250320,Telltale Games,24.99
248710,Desconocido,4.99
251310,Nocturnal works,14.99
250460,ClockStone,9.99
242820,Carlsen Games,4.99
245390,Cyberdreams,5.99
250500,sparsevector,2.99
238010,"Eidos Montreal,Feral Interactive (Mac)",19.99
238430,"Monochrome, Inc",9.99
252330,Blue Isle Studios,9.99
247298,Deep Silver Volition,2.99
251850,Wales Interactive,14.99
259170,"Eden Games,Hydravision Entertainment",9.99
246580,Modern Dream,19.99
247660,Rising Star Games,24.99
241540,Undead Labs,13.98
219830,Transhuman Design,9.99
260060,"Jackbox Games, Inc.",2.99
226620,QCF Design,14.99
256050,b-Alive,19.99
248820,"Hopoo Games, LLC",9.99
251990,Hanako Games,9.99
108600,The Indie Stone,14.99
243280,Arkedo,6.99
225340,"Firaxis Games,Feral Interactive (Mac),Feral Interactive (Linux)",29.99
252770,Desconocido,9.99
257750,2Play,9.99
260510,Desconocido,2.99
248630,Flyleap Studios Pty. Ltd.,14.99
242050,Ubisoft Montreal,19.99
252070,8888888 LABS,14.99
258950,PolyPusher Studios,4.99
253370,Axis Game Factory LLC,19.99
261700,Xtal Sword,4.99
263100,Space Budgie,0.99
252370,Desconocido,4.99
253770,TML Studios,9.99
259600,Storybird,6.99
252250,Simon Roth,24.99
262940,Revolution Software Ltd,24.99
253110,Harvester Games,9.99
259530,D-Pad Studio,1.99
259060,Illwinter Game Design,34.99
109600,Cryptic Studios,0.0
248170,Clickteam,99.99
235400,Nival,0.0
246840,WildTangent,7.99
257120,2DArray,9.99
259680,Netcore Games,6.99
267600,United Independent Entertainment GmbH,9.99
267610,United Independent Entertainment GmbH,9.99
264240,Interdimensional Games Inc,9.99
94400,Messhof,9.99
260210,Ubisoft Sofia,19.99
261820,Alan Edwardes,0.0
222880,New World Interactive,9.99
263560,Ultra Runaway Games,4.99
269210,"Elias Viglione,Jussi Kukkonen",5.99
262790,Avidly Wild Games,14.99
249570,Jason Rohrer,15.99
263320,Mighty Rabbit Studios,6.99
224480,Young Horses,14.99
237890,Idea Factory,14.99
269570,GTGD,14.99
263300,Arc System Works,9.99
265690,Limasse Five,14.99
250180,"SNK CORPORATION,DotEmu",7.99
242920,Shining Rock Software LLC,19.99
265890,Matthew Brown,2.99
271900,Matthew Brown,2.99
258760,SCS Software,9.99
269030,"Damian Sommer,Emily Carroll",9.99
265610,Matt Roszak,11.99
279160,Last Dimension,6.99
277590,Ubisoft Montreal,14.99
239250,MercurySteam,39.99
247000,Nomad Games,7.99
214550,Klei Entertainment,6.99
251470,Matt Thorson,14.99
266010,Thomas Bowker,2.99
265870,Sherman3D,9.99
258180,Square Enix,9.99
233150,Vlambeer,9.99
274980,Rob Howland,9.99
283880,Crystal Shard,2.99
279420,"World-Loom,Nitreal",9.99
218820,Tribute Games Inc.,19.99
266370,Bongfish GmbH,1.99
283370,Jarhead Games,9.99
289340,Nikita,4.99
288040,WZOGI,4.99
289600,Apeiron,9.99
240970,Opus,9.99
277430,"Vanguard Games,343 Industries",2.99
286500,Alawar,9.99
290280,Quantized Bit,1.99
283920,Humongous Entertainment,6.99
271570,BumpkinBrothers,9.99
284950,DL Softworks,6.99
283960,Humongous Entertainment,6.99
283940,Humongous Entertainment,6.99
260130,Idea Factory,19.99
263540,Mad Otter Games,0.0
282760,Digital Tentacle,4.99
291270,9heads Game Studios,1.99
286340,Farsky Interactive,4.99
283660,Somi,2.99
295770,Hippomancer,4.99
250640,souvenir circ.,7.99
281220,Abstraction Games,9.99
227780,"Croteam,Alligator Pit",9.99
295730,Windybeard,3.99
286100,Minor Key Games,0.0
273300,Red Barrels,8.99
225600,Puny Human,4.99
265630,Fistful of Frags Team,0.0
266490,"BitMonster, Inc.",14.99
269330,Bedtime Digital Games,4.99
293320,"Nova Dimension,Naga Entertainment",5.99
260160,Mimimi Productions,19.99
269790,Digital Happiness,14.99
238460,The Behemoth,14.99
244450,Digitalmindsoft,29.99
294670,Humongous Entertainment,6.99
294540,Humongous Entertainment,6.99
301190,Forever Entertainment S. A.,2.99
279520,Hypercane Studios,4.99
290990,Winter Wolves,14.99
248570,Nabi Studios,0.0
293860,Milkstone Studios,4.99
261110,KADOKAWA GAMES / GRASSHOPPER MANUFACTURE,19.99
245620,Haemimont Games,19.99
285050,Myrtilus Entertainment,5.99
293920,Winter Wolves,19.99
242760,Endnight Games Ltd,14.99
290770,Over The Moon,9.99
270510,Uppercut Games Pty Ltd,9.99
279260,Owl Cave,5.99
247730,Phosphor Games Studio,4.99
261530,Stage 2 Studios,19.99
301460,"Michael Todd Games,Yazar Media Group LLC",4.99
268750,SmashGames,9.99
286360,"10th Art Studio,Adventure Productions",6.99
270570,3f Interactive,0.99
256190,CI Games,29.99
262900,Heydeck Games,2.99
297490,Unfinished Pixel,4.99
280040,Lost Decade Games,9.99
223830,Goldhawk Interactive,24.99
307640,XGen Studios,19.99
297100,Silesia Games Sp. z o.o.,4.99
255260,Cyanide Studio,9.99
230230,Larian Studios,39.99
283230,MEGAFUZZ,2.99
291480,Crytek,0.0
241240,Game Dev Castle,7.99
293840,North of Earth,9.99
304500,HandMade Game,9.99
292180,Laminar Research,771.71
293900,Fixpoint Productions Ltd.,4.99
310070,Lucky Frame,4.99
255420,Stainless Games,9.99
302590,Subvert Games,0.0
268850,EVGA,0.0
304350,b-alive gmbh,6.99
307990,b-alive gmbh,0.99
313040,Lemondo Entertainment,2.99
291370,JumpCore Productions,14.99
248310,GalaxyTrail,14.99
302270,Nom Nom Games,19.99
307290,Tribe Studios,0.0
297512,Relic Entertainment,3.99
311480,Nerdook Productions,6.99
314230,Elliptic Games,14.99
251150,Nihon Falcom,19.99
312990,Free Lives,0.0
247950,Keen Games,14.99
293740,Spry Fox LLC,14.99
298520,Night Node,9.99
298480,Evil Twin Artworks,24.99
306620,88mm,9.99
263960,A Jolly Corpse,14.99
305920,ShaunJS,5.99
314020,"Dan  Walters,Ceri Williams",3.99
305980,Teyon,2.99
300040,GamePrix,0.0
319180,Idigicon,6.99
307340,Idigicon,6.99
257710,The Men Who Wear Many Hats,0.0
299260,Colossal Games,9.99
286690,4A Games,19.99
287390,4A Games,19.99
261760,Xaviant,39.99
312010,Social Loner Studios,1.99
250400,Eko Software,14.99
262750,Nine Dots Studio,19.99
321030,BS1 &amp; BSL Team,3.99
288470,Lionhead Studios,34.99
246940,Arkavi Studios,29.99
316720,VisualArts/Key,9.99
319550,Shortbreak Studios s.c.,2.99
317410,REMIMORY,0.0
319560,electrolyte,6.99
272510,"CyberConnect2 Co., Ltd.",29.99
321610,Brain Bombers,4.99
290730,"Gravvit Ltd,Forbes  Consult Ltd",0.0
289130,AMPLITUDE Studios,29.99
215080,Ankama Studio,0.0
297120,Terri Vellmann,9.99
240760,inXile Entertainment,39.99
319250,Tasty Stewdios LLC,9.99
232890,FireFly Studios,49.99
249190,CreativeForge Games,19.99
221540,Hidden Path Entertainment,14.99
241260,Frogwares,29.99
271944,"FromSoftware, Inc",9.99
318550,"Monolith Productions, Inc.,Feral Interactive (Mac),Feral Interactive (Linux)",9.99
241930,"Monolith Productions,Feral Interactive (Mac),Feral Interactive (Linux)",19.99
253610,Final Boss Entertainment,9.99
310700,Minor Key Games,7.99
319400,Disney Interactive,5.99
242640,Cyanide Studio,29.99
273110,Nexon,0.0
327740,"Monolith Productions, Inc.",9.99
322980,Artefacts Studio,4.99
268050,Tango Gameworks,19.99
325090,Bossa Studios,4.99
306660,Game-Labs,14.99
226580,Codemasters,29.99
327950,"MicroProse Software, Inc",6.99
301970,Samurai Punk,14.99
318220,Odin Game Studio,19.99
246090,Double Fine Productions,9.99
329830,David Szymanski,1.99
313160,Giants Software,19.99
299740,Entrada Interactive LLC,19.99
297110,Gl33k,2.99
250900,"Nicalis, Inc.",14.99
323240,Good Games,1.99
327410,Freebird Games,3.99
317620,Full Control Studios,29.99
319450,Frima Studio,14.99
259410,Naiad Entertainment LLC,4.99
298110,"Ubisoft Montreal, Red Storm, Shanghai, Toronto, Kiev",29.99
302010,Might and Delight,4.99
295790,"Upper One Games,E-Line Media",14.99
226560,Fatshark,14.99
329110,Infinity Plus 2,0.0
253510,WhiteMoon Dreams,0.0
326150,Studio Whisky Tango Inc.,9.99
331120,VIS - Visual Imagination Software,0.0
332570,Fayju,15.99
227160,Badland Studio,19.99
248390,Dekovir Entertainment,18.99
270942,Axis Game Factory,14.99
326480,MoeNovel,14.99
326160,Portalarium,39.99
303800,"CD PROJEKT RED,Can Explode",9.99
318530,Grynsoft,14.99
294160,"Hassey Enterprises, Inc.",0.0
270370,Vortal Storm,0.0
317790,Benjamin Bryant,0.0
292140,Square Enix,19.99
331440,KintoGames,3.99
335670,Dingaling,9.99
334230,BlankMediaGames,4.99
286040,"BadFly Interactive, a.s.",4.99
311340,Kojima Productions,19.99
207140,DoubleDutch Games,14.99
324120,Duelboot,4.99
302830,Shumkov Dmitriy,0.0
339350,Choice of Games,9.99
322170,RobTop Games,3.99
336380,Colonthree Enterprises,0.99
337070,Dimmdrive Inc.,19.99
339290,Snails Animation,4.99
340300,Forever Entertainment S. A.,4.99
299680,Nyamyam,4.99
339800,HuniePot,9.99
343780,Cat5Games,6.99
266590,Axis Game Factory LLC,79.99
304240,"CAPCOM Co., Ltd.",19.99
295690,Andy Wallace,0.98
313120,Beam Team Games,14.99
290790,Petroglyph,29.99
345650,InvertMouse,0.0
313371,"Monolith Productions, Inc.,Feral Interactive (Mac),Feral Interactive (Linux)",0.99
208750,Alientrap,14.99
342980,MovingBlocks,0.0
307030,Endgame Studios,9.99
304650,Failbetter Games,18.99
344860,Emmanuel Salva Cruz,2.99
345580,3000AD,9.99
342740,Geek Sloth Games,2.99
336670,Shifty Chair Games,0.0
266510,Defiant Development,19.99
346170,Spasman Games,4.99
346120,Spasman Games,0.0
346560,Lonely Troops,7.99
315840,FourbitFriday,15.99
348960,Rainbow Games,3.99
287290,"CAPCOM Co., Ltd.",5.99
342560,David Stark,14.99
273500,Loren Lemcke,1.99
314660,"Just Add Water (Developments), Ltd.",19.99
244160,"Gearbox Software,Aspyr (Mac)",34.99
338160,Paradox Development Studio,14.99
323470,DIMPS,39.99
322520,"KOEI TECMO GAMES CO., LTD.",49.99
318791,"Sledgehammer Games,Raven Software",14.99
342570,GameUS Inc.,139.92
279720,Primal,6.99
348040,11 bit studios,0.99
275100,Might and Delight,14.99
293760,Camshaft Software,29.99
349480,Ascension Entertainment LLC,0.0
342580,"Jetdogs Studios,Zoom Out Games",2.99
352111,Axis Game Factory LLC,29.99
348290,CCCP,4.99
245370,Tindalos Interactive,9.99
327670,Dreadbit,14.99
304030,XLGAMES,0.0
345370,STRIKEWORKS,14.99
357600,Kittehface Software,1.99
290930,"Filip Victor,Valve",0.0
344630,MOONSTONE,34.99
311730,"Team NINJA,KOEI TECMO GAMES CO., LTD.",0.0
346900,Hyper Hippo Games,0.0
336420,"Toadman Interactive,Fatshark",9.99
357900,Sometimes You,0.99
331200,Daniel Davies,4.99
339610,Joycity,0.0
335300,"FromSoftware, Inc",39.99
361314,Digital Confectioners,1.99
230190,Brightrock Games,29.99
355840,Vostok Games,0.0
305380,HE SAW,12.99
332350,Bohemia Interactive,11.99
362280,Desconocido,0.0
300080,Creative Assembly,0.0
339190,Fictiorama Studios,19.99
340340,Sean Davy,2.99
277520,Z4G0 and Ivan Venturi Productions,14.99
324570,"343 Industries,Vanguard Games",2.99
275200,Ostrich Banditos,14.99
318230,Convoy Games,14.99
340810,Bytebin,0.0
247080,Brace Yourself Games,14.99
365670,Blender Foundation,0.0
362870,KADOKAWA,19.99
360870,Tigerish Games,0.0
324300,"Cliffhanger Productions,Catalyst Games Lab",19.99
323370,"Bluehole, Inc.",0.0
359040,David Szymanski,4.99
272890,Kinelco &amp; Lone Elk Creative,9.99
285820,RageSquid,14.99
326410,Tasharen Entertainment Inc.,9.99
363970,Playsaurus,0.0
226860,Stardock Entertainment,29.99
315660,N3V Games,39.99
263060,GhostShark,4.99
339280,S2 Games,0.0
368360,Robot Gentleman,9.99
371420,Forever Entertainment S. A.,4.99
333980,ACQUIRE Corp.,29.99
278440,Alan Zucconi,9.99
373180,Hello There AB,2.99
284160,BeamNG,24.99
364323,Lionheart Creations,24.99
246110,Double Fine Productions,19.99
341940,Destructive Creations,8.99
368720,Digital Dawn Studios,9.99
260430,Digital Leisure Inc.,0.0
278970,DiggerWorld Ltd.,9.99
356510,Stamina-Games,9.99
253250,Radiant Entertainment,24.99
372210,Russpuppy,2.99
290890,EightyEightGames,4.99
312530,Landon Podbielski,12.99
313080,Shark Punch,19.99
373460,Spectral Games,3.99
358090,Access Games,14.99
376920,Anarchy Enterprises,0.99
367780,"Soloweb Studios,Ravens Eye Studio",4.99
338163,Paradox Development Studio,14.99
376660,"Elias Viglione,Jussi Kukkonen",4.99
352400,"TT Games Ltd,Feral Interactive (Mac)",19.99
290140,Mr. Blue,0.0
378370,Diminished Studios,0.0
336510,Blue Byte,0.0
384300,Tim Sullivan,14.99
367580,"Maciej Targoni,Wojciech Wasiak",0.99
367570,"Maciej Targoni,Wojciech Wasiak",0.99
252950,"Psyonix, Inc.",19.99
274920,Holotech Studios,14.99
286570,"Codemasters,Feral Interactive (Linux)",39.99
381560,momoStorm Entertainment,0.0
269770,Pixel Ferrets,14.99
293260,Blue Manchu,0.0
356370,Soccer Manager Ltd,0.0
368730,tinyBuild,14.99
380360,Scary Bee LLC,0.0
385630,Alien Sync Interactive,4.99
370360,Zachtronics,6.99
319570,MobileBits,0.0
376560,Igry.ru,6.99
310890,"Mighty Rabbit Studios,Gun Media",9.99
316430,Great War Team,8.99
368160,Spicy Tails,12.99
388090,Scott Cawthon,7.99
361550,Flying Cafe for Semianimals,12.99
345180,Haemimont Games,19.99
280010,Decent Machine,3.99
376140,"Silverlode Interactive,Wasatch Games",0.0
347830,"Idea Factory,Compile Heart",29.99
383120,Eleon Game Studios,19.99
385710,ZackBellGames,4.99
387860,the whale husband,0.0
315860,Ekuator Games,12.99
240620,Yeti Trunk,9.99
365660,Roll7,14.99
365450,Team Fractal Alligator,9.99
392450,Sapphire Dragon Productions,0.0
391680,"Psyonix, Inc.",3.99
391260,Labyrinthine,2.99
271360,"Fancy Bytes, Reactor",9.99
382490,Rogue Snail,0.0
340170,Square Enix,29.99
339230,Straight Right,19.99
386070,Uber Entertainment,39.99
354640,Blue Byte,0.0
375950,Ice Water Games,0.0
319910,Frozenbyte,21.99
367710,"Autobotika,Game Nation Inc",4.99
380840,Teeworlds Team,0.0
393410,Johannes Eski,0.0
385260,Tuomo Laine,0.0
378580,OCCA Studios,14.99
344850,Twice Circled,24.99
349220,Alice &amp; Smith,9.99
384310,CCCP,14.99
331600,"KOEI TECMO GAMES CO., LTD.",39.99
287920,Star Vault AB,0.0
234140,"Avalanche Studios,Feral Interactive (Mac/Linux)",19.99
388490,CoaguCo Industries,0.0
287700,Konami Digital Entertainment,19.99
399520,Trav Nash,0.0
296970,Abbey Games,19.99
387440,Hi-Rez Studios,29.99
386360,Hi-Rez Studios,0.0
331190,TURBOGUN,9.99
282660,EasyAntiCheat Ltd,0.0
274350,"Tendershoot,A Jolly Corpse",9.99
374090,49 Games,6.99
391540,tobyfox,9.99
391570,tobyfox,9.99
401190,Racing Bros,0.99
24010,Dovetail Games,24.99
238240,Handyman Studios,14.99
403900,PiGravity,0.99
287840,Krome Studios,5.99
344820,Photon Arena,9.99
403740,Alex Zhang,0.99
280600,WRF Studios,12.99
370020,Trese Brothers,9.99
282140,Frictional Games,29.99
385530,Aratog LLC,0.0
321960,Limbic Entertainment,49.99
399670,Endless Loop Studios,2.99
406080,Anarchy Enterprises,2.99
233450,Introversion Software,29.99
360740,Moppin,2.99
274190,Free Lives,14.99
398840,LUCKY GIRLS LIMITED,0.0
351970,BANDAI NAMCO Studio Inc.,49.99
306670,Codemasters,18.99
405170,"Psyonix, Inc.",1.99
368230,"Noio,Licorice",4.99
330570,C3SK,9.99
413850,Desconocido,0.0
402020,Funcom,12.99
373420,Larian Studios,39.99
282050,"Rainbow Studios,THQ Nordic",29.99
409670,Studio Pixel,0.0
397430,TERC,9.99
375040,Exato Game Studios,3.99
404410,Michael Zahniser,0.0
401920,"Nicalis, Inc.,Edmund McMillen",10.99
314520,Dovetail Games,19.99
375910,Blue Byte,39.99
397680,"Bitl,Cobalt-57",0.0
311210,Treyarch,59.99
409450,Mana Games,19.99
254200,ProjectorGames,12.99
290080,Bitbox Ltd.,39.99
276810,Rogue Factor,39.99
405010,varlamov5264,4.99
321060,Transcendent Games,24.99
415030,Stately Snail,4.99
225540,Avalanche Studios,49.99
393420,Bankroll Studios,24.99
411560,Lazy Monday Games,0.99
328220,Quickfire Games,16.99
349100,Instant Kingdom,1.99
342200,Piranha Games Inc.,0.0
344760,Code}{atch,19.99
377560,Ubisoft Montreal,0.0
360730,Red Team Games,0.0
342970,"Sachonski,Renamilanesi,Sith",3.99
391720,Bloober Team SA,19.99
262120,"Signal Studios,Krome Studios",14.99
246620,Ndemic Creations,14.99
352950,Odin Game Studio,14.99
96100,Paul Fisch,1.99
327220,Daedalic Entertainment,19.99
271240,Mohawk Games,19.99
288140,PERFECT PARALLEL,34.99
351990,FOAM Entertainment,9.99
310370,"Fabio Ferrara,Davide Caio,Nicolò Azzolini,Antonio Carcagnì,Luigi Di Guida,Tommaso Vita",0.0
418340,Rooster Teeth Games,19.99
211820,Chucklefish,14.99
338170,Lino Slahuschek,8.99
269310,Toge Productions,9.99
396650,PixelFade Inc,19.99
310380,Edge Case Games Ltd.,0.0
227940,Reto-Moto,0.0
330100,Mirko Seithe,14.99
237870,Pathea Games,14.99
232090,Tripwire Interactive,29.99
383230,"Lamina Studios,Mike Studios",12.99
350600,PIXYUL,14.99
332310,"TT Games,Traveller's Tales",29.99
328070,Turbo Pixel Studios,9.99
383980,Dan Fornace,14.99
296300,Aquiris Game Studio,11.99
364050,"Tlön Studios,Ilex Games",3.99
236110,Trendy Entertainment,0.0
332540,Furiously Inactive Games,13.99
215280,Funcom,0.0
305620,Hinterland Studio Inc.,34.99
381020,Fractal Phase,19.99
380600,Fishing Planet LLC,0.0
346110,"Studio Wildcard,Instinct Games,Efecto Studios,Virtual Basement LLC",59.99
25000,Wolfire Games,29.99
335430,Omniconnection,0.0
285900,Boneloaf,19.99
355180,Hoobalugalar_X,0.0
291550,Blue Mammoth Games,0.0
300380,"Pixel Dash Studios, EQgames",16.06
257030,GameCrafterTeam,19.99
287220,Alientrap,9.99
301520,Freejam,0.0
361800,oddonegames,19.99
227860,Sauropod Studio,24.99
322110,"Batterystaple Games,Fire Hose Games",14.99
357650,Sebastian Nigro,4.99
237850,Red Thread Games,24.99
304930,Smartly Dressed Games,0.0
344740,Alientrap,14.99
340580,Sun-Studios,9.99
280180,"Midgar Studio,Fusty Game",19.99
352460,Section Studios,14.99
342150,Lightbulb Crew,0.0
293780,Powerhoof,14.99
344040,Lord Kres,3.99
401810,PolyKid,14.99
290020,Incandescent Games,19.99
302670,Digitalmindsoft,0.0
299250,Excalibur,19.99
221680,Ubisoft - San Francisco,39.99
341000,Eggcode,14.99
324810,Reakktor Studios,0.0
360170,Eko Software,14.99
232450,Stone Blade Entertainment,0.0
315430,Bluebutton Games,12.99
290000,MURA Interactive,9.99
367450,Dry Cactus,11.99
291010,Game Mechanics,1.99
381120,Strange Fire,9.99
270210,Icetesy SPRL,9.99
383580,S.C. 16 BIT NIGHTS S.R.L.,1.99
408740,Raptor Claw Games,9.99
322330,Klei Entertainment,14.99
299480,Black Forest Games,19.99
306040,"Antanas Marcelionis,Renė Petrulienė",1.99
342550,Eyemobi Ltd.,14.99
400240,"Fabio Ferrara,Giulia Airoldi",0.99
263980,MiniBoss,0.49
351730,"Chad Close,Kyle Weik",4.99
299460,Fabio Ferrara,2.99
219990,Crate Entertainment,24.99
348460,Shield Break Studios,4.99
224500,Robotronic Games,14.99
428880,Redshift,9.99
264120,Vae Victis Games,0.0
363270,Egamea Game Studios,7.99
412400,Dark Day Interactive,0.0
262060,Red Hook Studios,24.99
316390,Cybertime System,0.0
298240,"Rocketeer Games Studio, LLC",0.0
381990,Gravity Interactive,0.0
400250,"Fabio Ferrara,Giulia Airoldi",0.99
356070,Orlyapps,2.99
418300,Hellbent Games,5.99
416670,webgames,0.0
397340,"Jundroo, LLC",12.99
405820,"Iguana Entertainment,Nightdive Studios",19.99
298030,Cavedog Entertainment,4.99
250520,Stygian Software,14.99
421890,StudioGIW,7.99
393380,Offworld Industries,39.99
386510,Travian Games GmbH,2.99
412470,GDT Limited,0.0
200150,"Olde Sküül,Sculptured Software",29.99
407510,Bluehole Ginno Games,0.0
390520,Outerminds Inc.,7.99
345350,Square Enix,19.99
407600,DotEmu,9.99
360940,"Virtual Basement LLC,Code Headquarters LLC",9.99
421770,Cherry Pop Games,3.99
242680,Vlambeer,11.99
394510,Arrowhead Game Studios,19.99
415420,isTom Games Kft.,2.99
409160,Crows Crows Crows,0.0
423120,Hosted Games,3.99
419070,Fatshark,0.0
387240,"PolarityFlow,Adrian Zingg",9.99
399834,Ronimo Games,3.49
359550,Ubisoft Montreal,14.99
376210,Afterthought LLC,19.99
397040,NIKITA ONLINE,0.0
393010,"Klei Entertainment,Capybara Games",4.99
423880,Eyzi,0.0
336520,Blue Byte,0.0
390390,Ubisoft - San Francisco,2.99
324160,VisualArts/Key,49.99
418910,Very Simple Idea Studios,4.99
403700,"Ben 'Yahtzee' Croshaw,Collected Worlds",4.99
421630,Hosted Games,3.99
417860,Kyle Seeley,0.0
378720,MuHa Games,19.99
307670,CreativeForge Games,19.99
368500,"Ubisoft Quebec, in collaboration with Ubisoft Annecy, Bucharest, Kiev, Montreal, Montpellier, Shanghai, Singapore, Sofia, Toronto studios",39.99
398100,Dharker Studio,9.99
390670,ICE Entertainment,0.0
377860,"CAVE Interactive CO.,LTD.",19.99
324680,"Relic Entertainment,THQ Nordic",9.99
409510,Shumkov Dmitriy,0.0
418070,"Space Cat Studios,SnowFlame,Back To Basics Gaming",0.99
416130,Unwonted Studios,0.0
377160,Bethesda Game Studios,29.99
410340,LuGus Studios,19.99
287980,Dinosaur Polo Club,9.99
416640,Choice of Games,5.99
355950,"SkyBox Labs,Forgotten Empires",9.99
375600,Landfall,0.0
38400,Interplay Inc.,9.99
329440,Sonic Team,29.99
353270,"Idea Factory,Compile Heart,Felistella",29.99
412140,"Zykov Eddy,Xitilon",0.0
325300,Wildgrass,12.99
411570,Hosted Games,7.99
235540,Fatshark,29.99
363890,"KADOKAWA,Yoji Ojima",79.99
335190,Orange_Juice,6.99
409590,Oreol,9.99
319050,Snapshot Games Inc.,9.99
404080,Peter Moorhead,0.99
366220,Code Club AB,29.99
290300,Double Damage Games,19.99
408990,"Games by Robert, LLC",12.99
410210,PiGravity,0.99
375820,Tomorrow Corporation,9.99
403190,Madruga Works,19.99
402840,Codename Entertainment Inc.,0.0
376870,Telltale Games,24.99
397550,Ion Storm,0.0
399730,"Psyonix, Inc.",3.99
265750,Switchblade Monkeys Entertainment,14.99
230070,Iron Tower Studio,29.99
337320,South East Games,14.99
354160,Kylotonn Racing Games,39.99
353830,"Firaxis Games,Aspyr (Mac, Linux)",29.99
375030,Zbigniew Ochman,1.99
403570,Akakiy Petrushkin,3.99
303210,Everything Unlimited Ltd.,9.99
370480,Serenity Forge,9.99
400842,"Jagex,Artplant",3.99
348470,"KOEI TECMO GAMES CO., LTD.",49.99
370240,Visual Concepts,59.99
310470,Gaming Minds Studios,19.99
385890,Forbes Consult Ltd,0.0
395520,"AlPixel Games,Luis Diaz,Gustavo Santos,Albert Fernandez,Tice Thomason",0.0
400110,"Erik Svedäng,El Huervo / Niklas Åkerblad,Tobias Sjögren,Oscar ""Ratvader"" Rydelius,Johannes Gotlén",24.99
236690,Cyanide Studios,19.99
404480,Team Eleven Eleven,0.0
381850,TML-Studios,4.99
402890,CAT IN JAR GAMES,0.0
398710,Digital Melody,0.99
383450,Great War Team,4.99
312280,BlueLine Games,0.0
399790,ninjalex,2.99
357480,SuperVillain Studios,0.0
344770,ALICE IN DISSONANCE,14.99
322910,Hammerfall Publishing,14.99
359050,marbenx,0.99
318020,Eugen Systems,29.99
395910,Baller Industries,2.99
385830,storm_sharks,2.99
314410,Rake in Grass,11.99
290340,League of Geeks,19.99
385330,"Jurlo,JetPackGone",2.99
397500,Labyrinthine,2.99
298360,Studio Eres,9.99
399430,Razvan,0.99
369400,Eforb,0.0
356520,Underdog Games,0.0
387970,"gord10,Aslan Game Studio",0.0
330390,"GAME ARTS Co., Ltd.,SkyBox Labs",19.99
363440,Capcom,14.99
359310,Shiro Games,19.99
356570,"Pinokl Games,Kverta",12.89
391460,WARTEAM,0.0
359390,"Idea Factory,Design Factory",29.99
290490,Vogelsap,16.99
393970,Desconocido,0.0
352010,BurstRay Games,7.99
335820,SoftStar,0.0
372800,Marxnet,0.0
384360,"Edmund McMillen,James Id",1.87
357070,Walter Machado,0.99
229580,HyperSloth,8.99
360550,InvertMouse,5.99
362410,Vertigo Games,9.99
391270,David Szymanski,0.0
391070,quad games,0.99
282780,Never Don't Play,2.99
356670,Lag Studios,0.0
320140,"Funselektor Labs Inc.,FlippFly",11.99
389570,Freakinware Studios,0.0
316010,Stainless Games Ltd.,0.0
345390,The Odd Gentlemen,24.99
383750,A Crowd of Monsters,6.99
364510,Kronosaur Productions,8.99
364690,KITATUS STUDIOS,0.99
388080,"AndrewMD5,Codeusa",3.99
312780,ACQUIRE Corp.,24.99
385980,Ragiva Games e.K.,4.99
327500,bitHuffel,9.99
385770,Proton Studio Inc,0.0
331500,Hesketh Studios,12.99
386880,Konsordo,4.99
362810,PillowPigGames,4.99
317820,Gambrinous,14.99
385270,Real Dynamics,3.99
382780,Desconocido,1.99
369060,MachineSpirit,9.99
384150,Black Shell Games,0.0
373390,Baggy Cat Ltd,9.99
350150,Moment Studio,14.99
351050,Childish Things,9.99
323380,Question,19.99
304050,Trion Worlds,0.0
327520,Gatling Goat Studios,14.99
384980,YFC games,0.0
351510,"Jackbox Games, Inc.",9.99
274230,Tomasz Wacławek,12.99
242130,TimeSymmetry,24.99
369580,NotGames,2.99
300400,"Acceleroto, Inc.",2.99
352700,"Virgin Interactive Entertainment,PriitK",0.0
345440,Skobbejak Games,9.99
300570,Zachtronics,24.99
265810,PIXOWL INC.,4.99
316930,Jae Lee Productions,9.99
317400,Prism Game Studios Ltd.,0.0
208650,Rocksteady Studios,19.99
371180,"Wisdom Tree, Inc.",4.99
343462,Creative Assembly,14.99
374450,Travian Games GmbH,4.99
380580,"Henrique Pegacha,Rafael Lima,Nuno Guerreiro",0.99
283080,PestoForce,4.99
363360,Split Polygon,14.99
329050,"CAPCOM Co., Ltd.",24.99
378850,Skinny Jean Death Studios,1.99
351640,Holy Priest,0.0
336250,Team6 game studios B.V.,9.99
343710,IMGN.PRO,19.99
327090,Space Boat Studios,14.99
334772,Slightly Mad Studios,3.49
367120,Michaela Laws,0.0
360640,"Jetdogs Studios,Zoom Out Games",2.99
375220,practicing01,0.0
349720,T3 Entertainment,0.0
375510,Mint Age Studios,0.99
268970,ToMorning Productions,14.99
365900,Retronic Games,4.99
257170,"Northway Games,Sarah Northway",14.99
345610,Frontwing,39.99
249950,Desconocido,9.99
347620,"高考恋爱委员会,橘子班",9.99
367240,Dark Amber Softworks,9.99
351710,"Idea Factory,Compile Heart,Felistella",29.99
332250,Aurelien Regard,12.99
374570,Desconocido,0.0
330580,Lighthouse Games Studio,2.99
352960,Orbital Knight,4.99
352130,"Gromada,Buka Entertainment",4.99
325723,Techland,9.99
278570,Solest Games,1.99
238370,Pieces Interactive,14.99
235800,Dylan Fitterer,14.99
370150,John Cullen,4.99
366890,Mystic Games,4.99
351800,Daniel Jonathan Bourke,0.0
351090,Grey Alien Games,9.99
286940,"Dragonfly GF Co., LTD",0.0
304950,Stolen Couch Games,14.99
351555,NetherRealm Studios,3.99
368340,Radical Fish Games,19.99
371500,Deion Mobile,0.99
310360,07th Expansion,5.99
274270,Roll7,12.99
332200,Thomas Happ Games LLC,19.99
243970,Klei Entertainment,19.99
368990,AGC,0.99
340350,Carmine T. Guida,0.0
369000,Drixy Games,0.99
361330,Immersive Douro,14.99
370190,Pribuni,0.0
351140,Reactor Zero,0.0
367670,Koga Tech Limited,2.99
350080,MachineGames,19.99
362890,Crowbar Collective,19.99
289760,"Radial Games Corp,Loren Bednar,Dr. Kimberly Voll,Lindsay Jorgensen",6.99
365070,DeXP,0.0
296490,Game in a Bottle,9.99
299360,"Jagex,Artplant",0.0
358960,"Finji,Kittehface Software",2.99
356310,SNK CORPORATION,0.0
362620,Coredumping,13.99
357360,AMPLITUDE Studios,9.99
290650,Panzer Gaming Studios,4.99
251130,Behold Studios,14.99
340150,Halfbus,9.99
264380,stage-nana,0.0
329430,Undead Labs,29.99
220200,Squad,39.99
293240,Nate Schmold,9.99
267750,Cliffhanger Productions,19.99
242860,"M2H,Blackmill Games",24.99
357380,Desconocido,2.99
355250,Totally Games,9.99
345820,WayForward,19.99
354380,Climax Studios,9.99
361630,Retro Yeti Games,0.0
351290,TB Games,4.99
271590,Rockstar North,39.99
307780,"NetherRealm Studios,High Voltage Software",19.99
347880,NetherRealm Studios,9.99
360960,Running With Scissors,5.99
363490,Mint Age Studios,0.99
364450,"Nina Freeman,Laura Knetzger,Stephen Lawrence Clark",0.0
252450,Zero Sum Games,29.99
327890,Bossa Studios,12.99
321360,"Circle Five Studios,Pub Games",12.99
357330,nornware AB,14.99
361700,Desconocido,0.0
343000,House of Tales,4.99
324260,AtomicTorch Studio,14.99
297130,Acid Nerve,14.99
322920,"Expansive Worlds,Avalanche Studios",9.99
291650,Obsidian Entertainment,29.99
354240,Four Quarters,4.99
348620,Zeiva Inc,4.99
318130,Heartbit Interactive,9.99
356380,Brainchild,0.99
342620,Triangle Studios,9.99
350220,Phoenix Studio,4.99
234920,Owlchemy Labs,14.99
348670,vidiludi games and entertainment,0.99
335030,Creative Assembly,2.99
347670,Crian Soft,9.99
306130,Zenimax Online Studios,19.99
353090,InterAction studios,4.99
342300,Still Running,6.99
334070,Rubycone,9.99
311560,"Ubisoft Sofia,Ubisoft Kiev",19.99
255710,Colossal Order Ltd.,29.99
274170,Dennaton Games,14.99
354500,Desconocido,0.0
320350,Capcom,5.99
349740,Might and Delight,2.99
351461,Ronimo Games,3.99
351790,"Milan Kazarka,Jeroen van Oosten",23.96
351900,Locomotivah,1.99
307880,"Signal Studios,Smart Ghost",14.99
353560,"Mario von Rickenbach,Michael Frei",2.99
301640,Rebellion,44.99
354140,Scott Cawthon,7.99
339400,Blackfire Games,9.99
328940,"Crescent Moon Games,Cinopt Studios",14.99
222440,"SNK CORPORATION,Code Mystics",14.99
353360,"Nina Freeman,Emmett Butler,Decky Coss,Joni Kittaka",0.0
317100,Camouflaj,24.99
341310,Lesley Dodd,1.99
319740,Iridium Studios,14.99
270450,Erik Asmussen,9.99
333950,Keen Software House,19.99
329130,Anisoptera Games,14.99
351570,Desconocido,0.0
340610,Great War Team,4.99
323720,Shining Gate Software,9.99
298630,Mouldy Toof Studios,17.99
346180,Fermenter Games,1.99
325610,Creative Assembly,44.99
273350,Turtle Rock Studios,0.0
345200,Dingo Games,5.99
273840,Reiza Studios,14.99
320760,"M2 Co.,LTD",14.99
285920,Payload Studios,19.99
335840,Cabygon,4.99
340050,Bob the Game Development Bot,4.99
315810,minori,19.99
348380,Anothink,1.99
262960,"Matt Kap,Nicalis, Inc.",9.99
330070,MAGIX Software GmbH,49.99
313010,Focus Home Interactive,9.99
343360,Microblast Games,0.99
335660,roseVeRte,6.99
282900,"IDEA FACTORY Co., Ltd.,COMPILE HEART Co., Ltd.,FELISTELLA Co., Ltd.",29.99
319630,"DONTNOD Entertainment,Feral Interactive (Mac),Feral Interactive (Linux)",0.0
335240,Atelier 801,0.0
341530,Zanrai Interactive,3.99
342230,Lazy Bum Games,2.99
346010,Spiderling Studios,7.99
214420,Doctor Entertainment AB,0.0
297000,DotEmu,14.99
346250,Red Dwarf Games,0.0
337120,Axis Game Factory LLC,14.99
239140,Techland,39.99
250420,Archive Entertainment,0.0
316790,Double Fine Productions,14.99
329490,MAGES. Inc.,11.99
327640,rdt.32,0.0
258050,Endless Loop Studios,2.99
301910,"Deep Silver Volition,High Voltage Software",14.99
315394,Desconocido,6.99
338000,"Binary Zoo,The Game Creators",0.0
328670,Raylight Games,4.99
343270,StephenAllen,0.99
340310,Forever Entertainment S. A.,4.99
333390,Winter Wolves,24.99
314150,DotEmu,5.99
339470,Sometimes You,0.99
322900,GabberGames.com,6.99
323450,EXE-CREATE,9.99
326670,"Rodeo Games,Twistplay",14.99
304910,Atypical Games,9.99
332500,"BitMonster, Inc.",19.99
322300,IF Studios,19.99
314160,Microsoft Game Studios,24.99
289881,"2K Australia,Gearbox Software,Aspyr (Mac,Linux)",9.99
222420,"SNK CORPORATION,Code Mystics",14.99
329010,Paradox Development Studio,7.99
327280,Creative Assembly,14.99
257510,Croteam,39.99
319140,Renegade Kid,9.99
321300,Brytenwalda,14.99
335330,Exe Games Inc.,0.0
335890,Quantumfrog,2.99
289690,Crystal Dynamics,19.99
332070,"JumpStart Games, Inc.",0.0
244770,"Schine, GmbH",14.99
239840,DoubleBear Productions,19.99
337040,Screwfly Studios,9.99
313375,"Monolith Productions, Inc.,Feral Interactive (Mac),Feral Interactive (Linux)",0.99
331220,Glass Knuckle Games,7.99
286260,ALICE IN DISSONANCE,14.99
314300,Imaekgames [Imaek Limited],7.99
241560,Ivory Tower in collaboration with Ubisoft Reflections,29.99
315396,Ivory Tower in collaboration with Ubisoft Reflections,19.99
330840,Telltale Games,29.99
328500,Pixeljam,3.99
297350,PostMod Softworks,5.99
328830,Alternative Software Ltd,19.99
324080,JIW-Games,14.99
318520,SCS Software,1.99
317440,GameArt Studio GmbH,9.99
310790,"Lucid Games,Aspyr (Mac &amp; Linux)",14.99
330830,Telltale Games,24.99
326720,With The Love Studios,1.99
266150,IO Entertainment,0.0
230310,Spicy Horse,0.0
331670,"Jackbox Games, Inc.",24.99
263480,Strike Games,4.99
311400,"OCR Dev Team,Onur Uça",2.99
282070,11 bit studios,19.99
296570,Numantian Games,19.99
306020,Ninja Kiwi,9.99
331470,Soviet Games,0.0
305960,Sky Drake Studios,17.99
298160,Hunted Cow Studios,0.0
332800,Scott Cawthon,7.99
289650,Ubisoft,29.99
294860,SEGA,19.99
275690,"2K Australia,Gearbox Software,Aspyr (Mac &amp; Linux)",9.99
204630,"Vblank Entertainment, Inc.",14.99
313690,"TT Games Ltd,Feral Interactive (Mac)",19.99
306370,TML-Studios,9.99
272080,Cherry Pop Games,1.99
310031,Paradox Development Studio,19.99
318710,"CyberConnect2 Co., Ltd.",1.99
326990,Ultravision Interactive,5.99
319970,Rival Games Ltd,3.99
265300,"CI Games,Deck 13",29.99
270490,Tin Man Games,4.99
284140,Epiphany Games,4.99
318100,Axyos Games,7.99
209650,"Sledgehammer Games,Raven Software",59.99
274940,Digital Confectioners,19.99
274620,8-Bit Studio,0.0
249050,AMPLITUDE Studios,11.99
321980,Mountain Sheep,14.99
317360,Double Action Factory,0.0
65980,"Firaxis Games,Aspyr (Mac, Linux)",39.99
318430,"Tomi Maarela,Elias Viglione",1.99
308420,Milkstone Studios,14.99
250580,Digerati Distribution,9.99
248610,KillHouse Games,19.99
256010,Full Control,19.99
284460,5 Bits Games,9.99
314980,BattleGoat Studios,19.99
221180,"Rudolf Kremers &amp; Alex May,Tuna",14.99
251730,Almost Human Games,23.99
327860,Lavaboots Studios,14.99
201210,Desert Owl Games LLC,0.0
261640,"2K Australia,Gearbox Software,Aspyr (Mac and Linux)",39.99
307690,"United Front Games,Feral Interactive (Mac)",29.99
315340,Extend Studio,9.99
251170,9heads Game Studios,9.99
301760,Avalanche Software,19.99
214490,"Creative Assembly,Feral Interactive (Mac),Feral Interactive (Linux)",39.99
300820,Avalanche Software,19.99
292120,Square Enix,15.99
302510,Crytek,19.99
325110,Smack Down Productions,6.99
316260,Eurocom,19.99
321830,Vine,9.99
245176,Lab Zero Games,1.99
258970,Arrowhead Game Studios,19.99
295490,Italic Pig,9.99
289930,Deck13 Hamburg,19.99
317510,Qwiboo Ltd,1.99
323610,Sixteen Tons Entertainment,4.99
258520,The Astronauts,19.99
236150,Little Green Men Games,34.99
278620,Phigames,9.99
263020,Breakfall,11.99
305050,Housemarque,9.99
299660,"Turtle Cream,PokPoong Games",3.99
311140,Orion Games,3.99
282440,id Software,9.99
312750,"Square Enix,DotEmu SAS.",15.99
300550,Harebrained Schemes,14.99
320970,Fugazo,19.99
297141,ComiPo! LLP,14.99
321840,IDHAS Studios,0.0
292630,Rail Slave Games,4.99
304410,Matthew Brown,4.99
306550,LGK Games,9.99
307170,Conrad Nelson,4.99
304730,Urban Games,19.99
266430,Elijah Newman-Gomez,0.0
310080,"Mediatonic,Hato Moa,The Irregular Corporation",9.99
313590,On The Level Game Studios,1.99
265550,Capcom Game Studio Vancouver,29.99
321580,Uber Entertainment,34.99
257730,Lightmare Studios,0.0
317710,Shawn Beck,7.99
315600,Razorworks,4.99
315740,Razorworks,4.99
246070,Double Fine Productions,13.37
261180,Team Reptile,13.99
295710,Psychic Software,0.0
313340,David OReilly,0.99
272600,SFB Games,6.99
285580,Spearhead Games,189.96
249230,Piranha Bytes,14.99
319510,Scott Cawthon,4.99
289520,1C-SoftClub,12.99
317470,Cosmic Cow LLC,0.0
312630,SMG Studio,7.99
45760,Capcom,29.99
293500,Ganz,0.0
268650,Brilliant Skies Ltd.,19.99
315260,Desconocido,4.99
295550,Katauri,0.0
305260,DR Studios,0.0
317890,"QUICKTEQUILA,Calum Bowen",2.99
244590,Dead Shark Triplepunch,0.0
275510,TickTock Games,12.99
293540,Masthead Studios Ltd,0.0
296470,Stegersaurus Software Inc.,4.99
291930,Actalogic,19.99
287340,Codemasters Digital,6.99
264140,Vitali Kirpu,9.99
298600,QUICKTEQUILA,5.99
311870,Retro Army Limited,4.99
274290,Deconstructeam,9.99
299720,Dan Walters,1.99
233980,@unepic_fran,12.99
298260,Creability,0.0
312210,Touz,14.99
274900,JForce Games,0.99
274250,"Roll7,General Arcade",12.99
299030,Monolith Productions,4.99
311190,BlueEagle Productions,2.99
313020,Tlön Studios,2.99
302970,Hexage,4.99
255070,ACE Team,14.99
280740,Aperture Tag Team,4.99
312150,Hyper Hippo Games,2.99
265120,Elder Games,6.99
296770,Vivid Games S.A.,4.99
237310,KOG,0.0
304670,"Bat Country Games, LLC",2.99
307130,Legend Studio,4.99
305070,I Fight Bears,3.99
275530,TickTock Games,6.99
244630,STUDIO RADI-8,0.0
306460,Smartly Dressed Games,4.99
307070,DarkElite,4.99
260230,Ubisoft Montpellier,14.99
216260,Big Ant Studios,39.99
250760,Yacht Club Games,24.99
255220,"Codemasters Racing,Feral Interactive (Mac),Feral Interactive (Linux)",39.99
238090,Rebellion,29.99
308310,Rebellion,29.99
269250,Spicy Tails,12.99
299540,Choice of Games,4.99
300300,Stolen Couch Games,4.99
263280,Oovee® Game Studios,14.99
275670,Passtech Games,14.99
266390,Hammer Labs,9.99
287450,"SkyBox Labs,Big Huge Games",19.99
285480,Lesta Studio,1.99
294570,Humongous Entertainment,6.99
287120,Ironsun Studios,4.99
298340,Jujubee S.A.,4.99
303390,Microblast Games,0.99
287580,Proxy Studios,29.99
283680,Edelweiss,19.99
289090,ProjectorGames,4.99
233290,Airtight Games,29.99
296050,Key17 Games,4.99
253710,"Expansive Worlds,Avalanche Studios",0.0
302080,SCS Software,7.99
260790,"Nicalis, Inc.",14.99
224600,"Trion Worlds, Inc.",0.0
299780,Glass Knuckle Games,6.99
302060,SCS Software,4.99
268220,Phenomenon Games,6.99
250620,Krillbite Studio,16.99
270940,Axis Game Factory,14.99
294140,The Working Parts,1.99
95400,"Sparpweed,Codeglue",11.99
243470,Ubisoft,29.99
239120,Square Enix,15.99
288290,Desconocido,9.99
275610,Nomad Games,9.99
300900,Freegamer,4.99
278360,Gone North Games,12.99
296150,Genee Network,0.99
297330,Firebase Industries Ltd.,9.99
296650,kunst-stoff GmbH,4.99
201810,Machine Games,19.99
237930,Supergiant Games,19.99
284390,The Game Kitchen,9.99
300970,Onson Soft,0.0
285330,Chris Sawyer Productions,9.99
285310,Chris Sawyer Productions,5.99
262410,Noble Empire Corp.,0.0
263760,Secret Exit Ltd.,9.99
291910,VIS - Visual Imagination Software,19.99
300220,Smolders,3.99
255390,Press Play,14.99
274310,Vagabond Dog,9.99
284930,"Holy Warp,Black Wing Foundation",9.99
301750,DL Softworks,6.99
282800,Orange_Juice,6.99
291250,Meteoric Games,9.99
278080,"KOEI TECMO GAMES CO., LTD.",49.99
237970,Centauri Production,24.99
270150,Osumia Games,14.99
225280,Over the Top Games,12.99
358260,3D Realms (Apogee Software),4.99
358340,Redwood Games,4.99
228180,Mirillis,49.99
261510,Big Finish Games,19.99
251630,Grip Games,4.99
244410,BattleGoat Studios,12.99
297210,Oryx Design Lab,0.0
294650,Humongous Entertainment,6.99
296910,AwesomeBlade,3.99
242720,"Masangsoft, Inc.",0.0
293680,MoaCube,19.99
292240,Humongous Entertainment,6.99
292780,Humongous Entertainment,6.99
287100,"Holy Warp,Black Wing Foundation",9.99
242880,Big Robot Ltd,19.99
270941,Axis Game Factory,14.99
358250,3D Realms (Apogee Software),4.99
358290,Moonlite Software,4.99
236430,"FromSoftware, Inc",39.99
207230,CodeBrush Games,0.0
275490,Crazy Moo Games,6.99
296240,"Boolat Games,Alawar Entertainment",6.99
280930,Hitcents,4.99
230840,Zombie Studios,9.99
256290,Ubisoft Montréal,14.99
295990,Atapki,4.99
245490,"RedLynx, in collaboration with  Ubisoft Shanghai, Ubisoft Kiev",19.99
278490,"Amaranth Games, LLC",9.99
293180,Microblast Games,0.99
294230,Forever Entertainment S. A.,3.99
273070,"Arcen Games, LLC",19.99
286080,Stridemann,0.0
245175,Lab Zero Games,1.99
250050,Infinite Monkeys Entertainment Ltd.,12.99
251060,Eugen Systems,29.99
282400,GolemLabs,9.99
249550,Silk Games,9.99
288370,Born Ready Games,19.99
285160,"Traveller's Tales,Feral Interactive (Mac)",19.99
205990,Ino-Co Plus,19.99
275700,Bohemia Interactive,69.99
280910,Phoenix Game Studio,3.99
286200,Frogdice,14.99
263740,Lion's Shade,9.99
283980,Humongous Entertainment,6.99
277460,Pyro Studios,4.99
277450,Pyro Studios,4.99
258590,NGD Studios,9.99
267340,Lightmare Studio,9.99
280220,Knuckle Cracker,14.99
269810,Eric Provan - Ayyo Games,1.99
276340,Sproing,9.99
270550,Awesome Games Studio,1.99
269490,TreeFortress Games,7.99
265930,Coffee Stain Studios,9.99
281370,GameORE,1.99
282470,Klei Entertainment,4.99
227560,Tragnarion Studios,7.99
256370,Milestone S.r.l.,19.99
266130,"Mighty Rabbit Studios,Gun.",14.99
269350,Organic Humans,9.99
243120,Blackpowder Games,4.99
281410,Burut CT,9.99
281820,Curve Studios,8.99
209160,Infinity Ward,59.99
283430,Gremlin Interactive,9.99
274560,"Laser Guided Games, LLC",4.99
245550,Desconocido,0.0
268400,"Flashback Games,The Lordz Games Studio",19.99
283290,Idol FX,9.99
266070,Mechanist Games,0.0
269050,Simogo,5.99
204530,Rocket Bear Games,14.99
261880,DolphinBarn,4.99
263500,Wyrmbyte,0.0
285500,Targem Games,7.99
262490,ComiPo! LLP,49.99
254460,Hydravision Entertainment,6.99
254480,Hydravision Entertainment,9.99
236470,BANDAI NAMCO Studio Inc.,19.99
254700,Capcom,19.99
239160,"Eidos-Montréal,Feral Interactive (Mac)",29.99
261920,ALLPlayer Group Ltd.,14.99
266210,Smoking WOLF,3.49
262590,Niffler Ltd.,3.99
264200,Silver Dollar Games,4.99
213670,Obsidian Entertainment,29.99
266110,Terrible Posture Games,14.99
259450,Celsius Game Studios,11.99
281770,Daedalic Entertainment,2.99
264280,"Zaxis Games,B-evil",4.99
209060,"Dejobaan Games, LLC",14.99
271640,Browny Application,9.99
263820,Chaosoft Games,1.99
251870,OVERDRIVE,9.99
278460,Dancing Dragon Games,14.99
233350,Climax Studios,5.99
269290,Rsupport Inc.,14.99
273940,app2fun,9.99
39210,Square Enix,19.99
219700,Cyanide,0.0
259740,Artifex Mundi,9.99
262260,Rake in Grass,6.99
259720,Sakura River Interactive,14.99
271860,Flump Studios,4.99
263420,South East Games,4.99
252350,"WayForward,Abstraction Games",9.99
267530,"TT Fusion,Traveller's Tales,Feral Interactive (Mac)",19.99
250260,Necrophone Games,14.99
269270,Fred Wood,2.99
273770,Sunlight Games,2.99
270090,Rail Slave Games,3.99
268260,Voxler Games,14.99
271500,CI Games,2.99
271520,Edge of Reality,19.99
208090,Edge of Reality,0.0
267940,Team 6 Studios,9.99
238750,Ubisoft,24.99
263200,Sweet Dog Studios,9.99
246700,Ragequit Corporation,11.99
232790,Double Fine Productions,19.99
255370,Zen Studios,9.99
249650,Daedalic Entertainment,19.99
237990,Stoic,19.99
228380,Bugbear,39.99
257970,Winter Wolves,19.99
235460,PlatinumGames,29.99
263360,Phr00t's Software,6.99
263400,Yakiniku Banzai,9.99
246420,Ironhide Game Studio,9.99
247304,Deep Silver Volition,2.99
263340,Jason Oda,9.99
263680,Semaphore,4.99
263380,"Ville Mönkkönen,Anne Mönkkönen",14.99
262550,Hörberg Productions,1.99
252150,Spicyhorse Games,3.99
237950,Altar Games,6.99
217100,Memetic Games,4.99
261030,Telltale Games,24.99
259390,Arachnid Games,3.99
259430,Entheogen Studios LLC,7.99
249590,Rain Games,9.99
257830,Forever Entertainment S. A.,9.99
250340,"Eric Hartman,Ben Garney,Anthony Rotondo",9.99
259080,Avalanche Studios,0.0
221100,Bohemia Interactive,34.99
252530,MR-Software GbR,34.99
252490,Facepunch Studios,19.99
253690,Spearhead Games,9.99
248860,Blue Bottle Games,14.99
259780,Desconocido,4.99
265330,Fishcow Studio,4.99
245150,Orthogonal Games,14.99
268090,Desconocido,4.99
39150,Square Enix,11.99
252410,Image &amp; Form,9.99
234330,Demiurge Studios,0.0
248650,Hitcents,3.99
253350,StarQuail Games,29.99
248970,Desconocido,6.99
261980,Andrii Vintsevych,0.0
259700,Desconocido,1.99
243800,Gamepires,24.99
245910,"Gearbox Software,Aspyr (Mac &amp; Linux)",2.99
258880,PlayWay S.A.,14.99
249082,"Relic Entertainment,Feral Interactive (Mac),Feral Interactive (Linux)",3.99
259620,Phr00t's Software,4.99
259550,Lonely Troops,5.99
231330,The Farm 51,19.99
2870,Egosoft,29.99
224460,Compulsion Games,9.99
226669,Paradox Development Studio,1.99
218130,Critical Studio,0.0
242700,"NetherRealm Studios,High Voltage Software",19.99
214931,"Irrational Games,Aspyr (Mac),Virtual Programming (Linux)",14.99
237760,Cipher Prime Studios,9.99
257400,Mixamo,0.0
260750,JoWooD Vienna,9.99
233190,Mighty Rocket Studio,9.99
233310,Spiderweb Software,9.99
252030,Desconocido,14.99
224260,No More Room in Hell Team,0.0
247580,Ludosity,4.99
259800,Creative Assembly,2.99
247910,Desconocido,14.99
215100,Gravity Interactive,0.0
259320,Reality Pump,4.99
255300,"Koboldgames,Daedalic Entertainment",9.99
238260,FarSight Studios,0.0
239720,NAMCO BANDAI Games,19.99
256070,Kylotonn Entertainment,9.99
254440,Cherry Pop Games,9.99
40950,FireFly Studios,5.99
40970,FireFly Studios,9.99
252630,Minor Key Games,14.99
252910,"United Independent Entertainment GmbH,Actalogic",3.99
249130,Traveller's Tales,19.99
249990,BetaDwarf,14.99
253650,Desconocido,4.99
245280,Ninja Theory,19.99
234670,CyberConnect2 Co. Ltd.,19.99
209000,"WB Games Montreal,Splash Damage",19.99
256330,Milestone S.r.l.,29.99
252670,BeautiFun Games,7.99
235980,Swing Swing Submarine,9.99
245470,Positech Games,24.99
258200,Nomad Games,6.99
248550,Team Reptile,14.99
238300,Deep Silver Volition,1.99
242800,Wild Games Studio,2.99
233130,Flying Wild Hog,39.99
219103,Treyarch,14.99
248800,Dischan Media,4.99
253920,Desconocido,4.99
254080,Reality Pump,4.99
227020,Desconocido,19.99
251430,Studio Fizbin,14.99
242980,Desconocido,6.99
253980,Starbreeze,4.99
250380,Ice-Pick Lodge,9.99
238910,"Arcen Games, LLC",9.99
247020,Vertigo Gaming Inc.,9.99
244050,777 Studios,0.0
239200,The Chinese Room,19.99
237370,Desconocido,39.99
107410,Bohemia Interactive,39.99
246300,Desconocido,9.99
247240,Crazy Viking Studios,9.99
222940,SNK CORPORATION,19.99
214950,Creative Assembly,59.95
242550,Desconocido,29.99
232430,Fullbright,14.99
225080,Starbreeze Studios AB,14.99
247293,Deep Silver Volition,2.99
249330,Petit Depotto,3.99
239700,Love Conquers All Games,9.99
65930,2K Marin,19.99
206420,Deep Silver Volition,14.99
244730,"Iron Galaxy Studios, LLC",4.99
235600,Ubisoft Toronto,29.99
234792,Treyarch,1.99
245170,Lab Zero Games,9.99
239350,Desconocido,14.99
239030,3909,9.99
214770,DrinkBox Studios,14.99
236850,Paradox Development Studio,39.99
241720,Exato Games Studio,14.99
239070,Crackshell,9.99
234390,Test3 Projects,12.99
213850,Stainless Games,9.99
222587,Dovetail Games,19.99
241600,Cellar Door Games,14.99
236370,Zero Point Software,9.99
232910,Nadeo,9.99
240600,Milestone S.r.l.,9.99
209630,Frogwares,9.99
230820,Daedalic Entertainment,19.99
222750,Eugen Systems,19.99
231160,"Olli Harjola, Otto Hantula, Tom Jubert, Carlo Castellano",14.99
258090,TORaIKI,9.99
228260,Stardock Entertainment,24.99
215530,NeocoreGames,14.99
238890,"Arcen Games, LLC",4.99
236090,Humble Hearts LLC,14.99
234490,XYLA Entertainment,9.99
204450,Techland,14.99
206190,Suspicious Developments,9.99
44350,"Codemasters Racing,Feral Interactive (Mac)",29.99
235250,Coffee Stain Studios,4.99
238210,"Irrational Games,Looking Glass Studios",9.99
230090,"Gearbox Software,Aspyr (Mac &amp; Linux)",9.99
212893,Arkane Studios,1.99
232970,Most Wanted Entertainment,9.99
236730,11 bit studios,14.99
234190,Wolfire Games,4.99
220900,Owlchemy Labs,4.99
234160,Born Ready Games Ltd.,6.99
224760,Polytron Corporation,9.99
233270,Ubisoft Montreal,14.99
231060,"Gravity, Inc.",0.0
209520,The Binary Mill,4.99
113020,Pocketwatch Games,14.99
223710,Team Psykskallar,0.0
234772,Treyarch,1.99
219092,Treyarch,4.99
217690,Dreampainters,9.99
230700,NIGORO,14.99
104900,"Trek Industries, Inc",0.99
230980,Droqen,5.99
207930,Southend,9.99
221380,"Skybox Labs,Hidden Path Entertainment,Ensemble Studios",19.99
229870,Nadeo,19.99
214933,"Irrational Games,Aspyr (Mac),Virtual Programming (Linux)",19.99
232950,Halycon Media GmbH &amp; Co. KG,19.99
227260,Binary Fortress Software,29.99
227180,Reverie World Studios,19.98
225420,Colossal Order Ltd.,19.99
230410,Digital Extremes,0.0
105420,Twisted Pixel Games,9.99
8870,"Irrational Games,Aspyr (Mac),Virtual Programming (Linux)",29.99
230050,Going Loud Studios,2.99
219190,Puppygames,9.99
217200,Team17 Digital Ltd,14.99
233740,The Men Who Wear Many Hats,4.99
210550,Rovio Entertainment Ltd,4.99
232010,SCS Software,4.99
34870,City Interactive,9.99
215870,Cyanide Studio,0.0
218060,Gaijin Games,14.99
228760,Nadeo,19.99
212070,Star Gem Inc.,0.0
222520,NGD Studios,0.0
227100,Rebellion,14.99
203160,"Crystal Dynamics,Feral Interactive (Mac),Feral Interactive (Linux)",19.99
204080,Arrowhead Game Studios,9.99
224580,Bohemia Interactive,49.99
204240,"Ty Taylor and Mario Castañeda,The Quantum Astrophysicists Guild",9.99
219340,Stoic,0.0
225260,Double Fine Productions,14.99
211500,Sector3 Studios,160.91
223810,Nihon Falcom,14.99
202130,Cyanide Montreal,19.99
227240,Scirra,0.0
219680,Ed Key and David Kanaga,9.99
212480,Sumo Digital,19.99
219890,Alexander Bruce,19.99
208520,Haemimont Games,14.99
225833,"Gearbox Software,Aspyr (Mac &amp; Linux)",0.99
227580,EightyEightGames,4.99
213250,"Gearbox Software,Aspyr (Mac &amp; Linux)",9.99
210898,Paradox Development Studio,1.99
227300,SCS Software,19.99
228280,Beamdog,19.99
11610,Eyedentity Games Inc.,0.0
224540,Jagex Limited,14.99
227200,Tiger Style,9.99
212700,Crankshaft Games,5.99
222980,CSR-Studios,2.99
220700,KADOKAWA,69.99
208570,Arkane Studios,2.99
208690,"GearBox Software,Aspyr (Mac &amp; Linux)",4.99
42990,Kerberos Productions,19.99
220240,"Ubisoft Montreal, Massive Entertainment, and Ubisoft Shanghai",19.99
221640,Terry Cavanagh,2.99
214510,Traveller's Tales,19.99
224960,Core Design,6.99
225300,Core Design,6.99
221260,Tomorrow Corporation,9.99
213610,SEGA,9.99
218680,5th Cell Media,19.99
203140,"Io-Interactive A/S,Feral Interactive (Mac)",19.99
218230,Daybreak Game Company,0.0
208480,Ubisoft Montreal,19.99
213210,"Gearbox Software,Aspyr (Mac &amp; Linux)",9.99
205633,"Haemimont Games,Feral Interactive (Mac)",2.99
220780,Bithell Games,9.99
221020,"Xavi Canal, Ben Palgi",14.99
214610,773,7.99
206500,Carbon Games,0.0
215256,United Front Games,6.99
218410,"Level Up Labs, LLC",14.99
4920,Unknown Worlds Entertainment,9.99
214870,The Farm 51,19.99
218740,Might and Delight,9.99
220460,Serious Brew,4.99
211400,"Tequila Works, S.L.",14.99
203350,1C-SoftClub,9.99
218640,Shiver Games,9.99
211160,"Creative Assembly, PC Port - Hardlight",14.99
220820,Exor Studios,9.99
214130,IPACS,9.99
207816,OVERKILL Software,3.99
213650,Power of 2,0.0
219640,Torn Banner Studios,24.99
214560,Klei Entertainment,14.99
200170,Team17 Digital Ltd,14.99
218040,Positech Games,19.99
216910,Cyanide Studio - Spiders Studios,14.99
209730,Wizarbox,14.99
216890,Cyanide Studios,14.99
207730,ExDream GmbH,3.99
212041,Qooc Software,2.99
220860,Sos,4.99
201805,Robot Entertainment,4.99
205100,Arkane Studios,9.99
204371,The Behemoth,0.99
204372,The Behemoth,0.99
204360,The Behemoth,14.99
214830,Opus,9.99
214630,Aspyr,39.99
200710,Runic Games,19.99
200510,"Firaxis Games,Feral Interactive (Mac),Feral Interactive (Linux)",29.99
212390,Cloud 9 Studio,0.0
208460,BlueGiant Interactive,14.99
212680,Subset Games,9.99
221001,Ben Prunty Music,3.99
218560,"Gearbox Software,Aspyr (Mac &amp; Linux)",29.99
49520,"Gearbox Software,Aspyr (Mac &amp; Linux)",19.99
208500,Codemasters Birmingham,19.99
214790,"Edmund McMillen,Tyler Glaiel",3.99
215670,Benjamin Rivers Inc.,2.99
210170,Spaces of Play,3.99
214250,Ubisoft  Shanghaï,14.99
211420,FromSoftware,19.99
216110,Kukouri,4.99
211260,Spooky Squid Games Inc.,9.99
212800,Vlambeer,0.0
206210,"Monolith Productions, Inc.",0.0
214700,Blendo Games,4.99
208362,Dovetail Games,19.99
207750,Empty Clip Studios,8.99
214340,Daedalic Entertainment,9.99
207815,OVERKILL Software,9.99
211180,Talawa Games,9.99
207570,increpare games,4.99
216150,Nexon,0.0
204300,Ronimo Games,0.0
212410,Saber Interactive,9.99
201790,Robot Entertainment,14.99
115320,Radical Entertainment,39.99
212030,Qooc Software,9.99
209870,Hardsuit Labs,0.0
208140,AMPLITUDE Studios,19.99
211440,Smudged Cat Games Ltd,4.99
205910,Black Pants Studio,9.99
97330,Stainless Games,9.99
16870,"Firaxis Games,Aspyr (Mac, Linux)",29.99
208730,Cyanide Studios,14.99
50300,Yager Development,29.99
204880,"Ironclad Games,Stardock Entertainment",39.99
91330,"X1 Software,AWAR",14.99
47400,FireFly Studios,29.99
211780,Pivotal Games,6.99
113204,"Edmund McMillen, Florian Himsl",2.99
200396,Unigine LLC.,0.99
202750,Remedy Entertainment,9.99
211740,Looking Glass Studios,6.99
211600,Looking Glass Studios,6.99
209690,Subatomic Studios LLC,4.99
205610,Gaming Minds,14.99
207690,Amanita Design,9.99
202730,"Hassey Enterprises, Inc.",9.99
96800,IllFonic,9.99
94300,Cockroach Inc.,3.99
203650,SEGA,9.99
58230,Brawsome,9.99
208670,Gaijin Entertainment Corporation,9.99
201070,Dark Artz Entertainment,0.0
209830,Jasper Byrne,14.99
207610,Telltale Games,24.99
203630,Ino-Co Plus,24.99
200050,Turbo Tape Games,19.99
207170,Almost Human Games,14.99
204060,"Capybara,Superbrothers,Jim Guthrie",7.99
20920,CD PROJEKT RED,19.99
205730,Shadow Planet Productions,14.99
104700,Uber Entertainment,0.0
63380,Rebellion,19.99
48705,"TaleWorlds Entertainment,Flying Squirrel Entertainment",9.99
209360,Doublesix Games,4.99
113420,Reloaded Productions,0.0
58610,Eugen Systems,9.99
201570,Boss Baddie,4.99
47410,FireFly Studios,0.0
205870,Cipher Prime Studios,6.99
102840,Klei Entertainment,9.99
55345,Relic,2.99
65300,Hitbox Team,9.99
102500,"Big Huge Games,38 Studios",19.99
200940,Blit Software,4.99
18120,Futuremark,9.99
67370,Digital Extremes,29.99
55475,Relic,2.99
105450,Ensemble Studios,39.99
201230,Daybreak Game Company,0.0
55230,Volition,9.99
107800,Recoil Games,9.99
80310,Joshua Neurnberger,9.99
99300,Avalanche Studios,15.0
6370,Stunlock Studios,0.0
65730,Bohemia Interactive,19.99
110400,Digital Arrow,9.99
32800,Snowblind Studios,19.99
70640,Team17 Digital Ltd,7.99
65800,Trendy Entertainment,14.99
70620,Team17 Digital Ltd,9.99
24240,OVERKILL Software,14.99
96200,Kot in Action Creative Artel,14.99
9200,id Software,9.99
102600,Robot Entertainment,9.99
111600,Mommy's Best Games,9.99
42719,Treyarch,14.99
17710,"GameConnect,InterWave Studios",9.99
72840,Obsidian Entertainment,1.99
70600,Team17 Digital Ltd,14.99
98600,Zeroscale,5.99
111800,Swing Swing Submarine,4.99
107100,Supergiant Games,14.99
33460,Ubisoft Montpellier,14.99
27940,DnS Development,9.99
45797,Capcom,3.99
91700,Streum On Studio,9.99
73220,BattleGoat Studios,9.99
48000,Playdead,9.99
65780,Bohemia Interactive,9.99
107300,Zeboyd Games,2.99
105300,Manic Game Studios,1.99
107310,Zeboyd Games,2.99
98800,"Gaslamp Games, Inc.",4.99
46540,Headup Games / Crenetic,4.99
44340,Codemasters Action Studio,9.99
55110,Volition,19.99
94200,Final Form Games,9.99
24670,N3V Games,19.99
41740,Ice-Pick Lodge,9.99
95300,Alientrap,9.99
48720,TaleWorlds Entertainment,9.99
97100,TimeGate Studios,9.99
35480,Power of 2,9.99
96000,Colibri Games,4.99
104200,Big Fat Alien,1.99
99400,Dead Mage,4.99
92000,Dark Energy Digital Ltd.,4.99
105100,State of Play Games,5.99
105600,Re-Logic,9.99
22350,Splash Damage,0.0
92100,Sandswept Studios,4.99
104600,Geoff Keighley,1.99
98500,Game Distillery s.r.o.,2.99
104000,Cobra Mobile,4.99
99700,"Nicalis, Inc.",9.99
92800,Zachtronics,9.99
71230,SEGA,7.99
71250,SEGA,7.99
55040,Blendo Games,9.99
91900,Steel Monkeys,9.99
93200,Puppygames,9.99
48190,Ubisoft Montreal,19.99
108800,Crytek Studios,29.99
91800,Bacon Wrapped Games,4.99
47920,Slightly Mad Studios,19.99
39190,Gas Powered Games,6.99
72730,Obsidian Entertainment,4.99
73010,Colossal Order Ltd.,19.99
64000,Digitalmindsoft,9.99
65560,Eggtooth Team,4.99
42910,Arrowhead Game Studios,9.99
63500,Ronimo Games,9.99
78000,"PopCap Games, Inc.",4.99
38720,Two Tribes,4.99
48950,Vanguard Games,9.99
47870,Criterion Games,19.99
8500,CCP,0.0
61600,Secret Exit Ltd.,4.99
31280,Telltale Games,4.99
55140,"Double Helix Games,Rainbow Studios,THQ Nordic",19.99
40800,Team Meat,14.99
40380,Techland,4.99
47810,BioWare,29.99
58520,Cyanide Studios,9.99
2450,Outerlight Ltd.,4.99
72900,inner seas,4.99
39690,Spellbound Studios,19.99
63800,Lunar Giant,4.99
45740,Capcom Vancouver,19.99
57000,Over the Top Games,2.99
43000,Double Helix Games,9.99
8970,Silver Wish Games,4.99
25010,Wolfire Games,9.99
60800,"CINEMAX, s.r.o.",7.99
42890,Kerberos Productions Inc.,9.99
63610,Cyan Worlds,5.99
33680,Zaratustra Productions,4.99
58200,Brawsome,9.99
34830,City Interactive,7.99
35091,Avalanche Studios,0.99
300,Valve,9.99
46440,Headup Games / Radon Labs,4.99
39670,Cauldron,4.99
33930,Bohemia Interactive,19.99
21090,"Monolith Productions, Inc.,Timegate",54.99
57600,Haemimont Games,9.99
32470,Petroglyph,19.99
34030,"The Creative Assembly,Feral Interactive (Mac)",19.99
24960,DICE,19.99
40100,Gas Powered Games,12.99
46260,Elite Games Team,4.99
33230,Ubisoft Montreal,19.99
8190,Avalanche Studios,14.99
20570,"Relic Entertainment,Feral Interactive (Mac/Linux)",19.99
47700,EA Los Angeles,19.99
45000,Cadenza Interactive,9.99
18820,Brian Cronin,4.99
3730,Rebellion,4.99
45710,Airtight Games,9.99
24980,BioWare,19.99
38700,Two Tribes,4.99
45100,Artery Games,4.99
10680,Rebellion,14.99
8850,"2K Marin,2K China,Digital Extremes,2K Australia,Feral Interactive (Mac)",19.99
41700,GSC Game World,19.99
44200,"Hassey Enterprises, Inc.",9.99
550,Valve,19.99
3170,Katauri Interactive,9.99
41300,Nimbly Games,0.0
12480,"Noviy Disk,Lesta Studios Inc",9.99
8990,Gearbox Software,9.99
41600,VIS Interactive,19.99
25500,Mindstorm Studios,2.99
40400,"Arcen Games, LLC",9.99
32200,Black Jacket Studios,9.99
8980,Gearbox Software,19.99
12830,Codemasters Studios,9.99
23490,Haemimont Games,9.99
20500,"Volition,Reactor Zero,THQ Nordic",19.99
21690,Capcom,19.99
3620,"PopCap Games, Inc.",4.99
32400,LucasArts,5.99
32380,LucasArts,5.99
32390,LucasArts,2.99
6030,"Raven Software,Aspyr (Mac)",9.99
6020,"Raven Software,Aspyr (Mac)",9.99
25980,1C:InoCo,9.99
25700,Playbrains,4.99
15520,"Dejobaan Games, LLC",9.99
38460,BioWare Corporation,9.99
39800,DiezelPower,1.99
25990,Cyberlore,9.99
20530,"Volition, Inc.",9.99
11130,Frogwares,0.0
11140,Frogwares,9.99
25890,Paradox Development Studio,9.99
35140,"Rocksteady Studios,Feral Interactive (Mac)",19.99
3700,Rebellion,7.99
36150,Sandlot Games,14.99
34900,Invent4 Entertainment,0.99
32340,LucasArts,5.99
32350,LucasArts,5.99
6000,LucasArts,9.99
25910,BattleGoat Studios,9.99
32630,NovaLogic,4.99
3720,Elixir Studios,9.99
10604,"The Creative Assembly,Feral Interactive (Mac),Feral Interactive (Linux)",2.99
24720,EA - Maxis,19.99
33900,Bohemia Interactive,12.99
35700,Frozenbyte,14.99
12810,"Triumph Studios,Virtual Programming",9.99
11360,2DEngine.com,4.99
26900,Kloonigames,19.99
7830,Best Way,4.99
1250,Tripwire Interactive,19.99
7860,The Farm 51,4.99
33130,Sigma Team Inc.,4.99
8170,Eidos Studio Hungary,8.99
16720,Replay Studios,4.99
3590,"PopCap Games, Inc.",4.99
18700,Broken Rules,9.99
3710,Rebellion,7.99
20540,Relic Entertainment,19.99
26800,Number None,14.99
26500,Lazy 8 Studios,9.99
29800,Elecorn,1.99
17550,ES Team,0.0
17580,Puny Human,0.0
11590,Deep Red Limited,4.99
21780,Ubisoft Reflections,9.99
15620,"Relic Entertainment,Feral Interactive (Mac/Linux)",19.99
10500,"The Creative Assembly,Feral Interactive (Mac),Feral Interactive (Linux)",19.99
12430,Technetium Games,4.99
23310,Square Enix,9.99
23450,Haemimont Games,9.99
22120,Frictional Games,9.99
25800,Paradox Development Studio,14.99
22300,Bethesda Game Studios,9.99
22100,TaleWorlds Entertainment,9.99
19000,Double Helix Games,39.99
18020,Hothead Games,7.99
500,Valve,19.99
10090,Treyarch,19.99
13600,Kudosoft,9.99
17430,EA Black Box,9.99
11280,Frogames,5.99
8340,Telltale Games,19.99
17460,BioWare,19.99
17440,Maxis™,19.99
17390,Maxis™,19.99
17700,Insurgency Development Team,0.0
17510,Team Chivalry,0.0
17530,EXOR Studios,0.0
17500,Zombie Panic Team,0.0
17520,Synergy Team,0.0
16710,Crackpot Entertainment,1.99
12340,Deck13,9.99
15300,Red Storm Entertainment,9.99
17740,Empires,0.0
15100,Ubisoft Montreal,19.99
15120,Ubisoft Montreal,9.99
7200,Nadeo,29.99
400,Valve,9.99
16120,Last Day of Work,9.99
15000,Red Storm Entertainment,9.99
15170,Nival,9.99
15130,Ubisoft,9.99
18000,Hothead Games,7.99
11230,"CINEMAX, s.r.o.",2.99
16600,Redlynx,9.99
12900,Dylan Fitterer,9.99
12330,Ascaron Entertainment ltd.,9.99
9460,Kaos Studios,19.99
9450,Relic Entertainment,12.99
8600,SimBin,3.99
3483,"PopCap Games, Inc.",0.0
6420,"Mithis Games,THQ Nordic",9.99
8800,Firaxis Games,9.99
4560,Relic Entertainment,19.99
9500,Cryptic Sea,9.99
9050,id Software,4.99
2200,id Software,14.99
9070,id Software,2.99
9180,id Software,4.99
440,Valve,0.0
420,Valve,7.99
2590,Black Element,4.99
4780,"The Creative Assembly,Feral Interactive (Mac),Feral Interactive (Linux)",11.99
7940,"Infinity Ward,Aspyr (Mac)",19.99
8080,IO Interactive,6.99
8230,Telltale Games,19.99
8400,Bizarre Creations,3.99
6880,Avalanche Studios,6.99
6900,Io-Interactive A/S,6.99
6850,Io-Interactive A/S,6.99
6870,Eidos Interactive,6.99
6800,Pyro Studios,4.99
6860,Io-Interactive A/S,8.99
2600,Troika Games,19.99
4500,GSC Game World,19.99
6980,Ion Storm,8.99
6910,Ion Storm,6.99
3480,"PopCap Games, Inc.",4.99
2620,Infinity Ward,19.99
3830,Double Fine Productions,9.99
2630,"Infinity Ward,Aspyr (Mac)",19.99
2640,Gray Matter Studios,19.99
1690,Malfador Machinations,14.99
3910,Firaxis Games,4.99
3900,Firaxis Games,19.99
4700,"The Creative Assembly,Feral Interactive (Mac),Feral Interactive (Linux)",19.99
240,Valve,19.99
280,Valve,9.99
320,Valve,4.99
220,Valve,9.99
3920,Firaxis Games,9.99
39200,Gas Powered Games,6.99
1200,Tripwire Interactive,9.99
1900,Reality Pump Studios,4.99
360,Valve,9.99
2500,Frozenbyte,6.99
380,Valve,7.99
2810,Egosoft,9.99
1670,Strategy First,4.99
1510,Introversion Software,9.99
3450,"PopCap Games, Inc.",4.99
3390,"PopCap Games, Inc.",4.99
3320,"PopCap Games, Inc.",4.99
20,Valve,4.99
50,Gearbox Software,4.99
60,Valve,4.99
10,Valve,9.99
40,Valve,4.99
130,Gearbox Software,4.99
30,Valve,4.99
13230,"Epic Games, Inc.",14.99
80,Valve,9.99
